1,Precious Achiuwa,Mia,F,21.49,38,13.4,28,19.3,15.5,83,0.53,149,0.584,0,0,0.584,0.588,5.7,3.8,15.9,0.5,6.3,0.39,0.5,0.89,6.6,108.6,97.5
2,Jaylen Adams,Mil,G,24.86,7,2.6,5.4,18.5,0,0,0,6,0.167,2,0,0.125,0.125,0.3,0.4,8.7,0.3,12.7,0,0,0,5.1,,
3,Steven Adams,Nor,C,27.65,36,27.4,57.1,12.8,18.5,85,0.459,203,0.635,2,0,0.629,0.613,8.3,9.2,18.6,2,9.7,0.89,0.56,1.53,7.8,121.2,110.2
4,Bam Adebayo,Mia,C-F,23.66,33,33.9,70.7,24,16.3,189,0.847,413,0.567,6,0.333,0.566,0.631,19.2,9.5,15.6,5.4,27.5,0.88,1.03,2.97,11.7,119.9,102.7
5,LaMarcus Aldridge,San,C-F,35.66,21,25.9,54,22.7,7,37,0.838,173,0.509,75,0.36,0.518,0.545,13.7,4.5,9,1.7,10.3,0.38,0.86,0.95,7.3,107.1,107.9
6,Ty-Shon Alexander,Pho,G,22.66,3,2.8,5.8,16.1,0,0,0,2,0,1,0,0,0,0,0.3,6.8,0.3,13.7,0,0,0,0,,
7,Nickeil Alexander-Walker,Nor,G,22.53,31,17.7,36.9,22.5,12.7,38,0.816,130,0.5,107,0.299,0.477,0.506,8.3,2.5,8,1.9,15.3,0.94,0.32,1.19,7.7,100.3,107.5
8,Grayson Allen,Mem,G,25.43,23,24,49.9,15.4,10.4,38,0.895,51,0.412,113,0.407,0.549,0.592,9.3,2.8,6.4,2.2,11.8,1,0.13,0.91,6.4,116.9,109.4
9,Jarrett Allen,Bro,C,22.9,12,26.6,55.5,15.5,19.3,61,0.754,65,0.677,0,0,0.677,0.73,11.2,10.4,22,1.7,8.2,0.58,1.58,1.83,8.8,134.7,106.7
10,Jarrett Allen,Cle,C,22.9,25,28.7,59.9,17.3,11.5,119,0.697,193,0.663,9,0.444,0.663,0.69,14,9.6,18.8,1.7,9.4,0.36,1.8,1.32,8.5,132.2,110.4
11,Al-Farouq Aminu,Orl,F,30.48,12,19.5,40.7,13.9,21.1,11,0.818,35,0.371,20,0.3,0.4,0.443,4.4,4.4,11.7,1.4,10.1,1,0.42,1.33,6.2,87.7,106.5
12,Kyle Anderson,Mem,F-G,27.48,33,27.1,56.4,19.5,11.1,86,0.767,201,0.547,128,0.375,0.553,0.586,13,5.9,11.9,3.4,17.4,1.12,0.64,1.39,9.4,116.3,106.2
13,Giannis Antetokounmpo,Mil,F,26.27,37,33.9,70.6,33.2,13.6,378,0.672,550,0.629,142,0.296,0.591,0.624,29,11.6,17.9,6.1,29.3,1.24,1.38,3.65,15,119.9,100.8
14,Kostas Antetokounmpo,Lal,F,23.32,3,6.4,13.3,20.1,56.3,2,0.5,3,0.333,0,0,0.333,0.387,1,2.7,23.3,0,0,0.33,0.67,1.67,0,46.3,86.9
15,Thanasis Antetokounmpo,Mil,F,28.66,28,8.6,17.9,12.5,26.5,13,0.462,38,0.684,9,0.222,0.617,0.607,2.3,2,12.4,0.6,9.3,0.29,0.21,0.68,6.5,110.4,99.5
16,Carmelo Anthony,Por,F,36.79,37,25.8,53.7,23.9,7.4,108,0.861,270,0.437,173,0.382,0.49,0.537,14.2,3.4,6.9,1.6,9.8,0.89,0.78,1.05,6.6,109.7,111.8
17,Cole Anthony,Orl,G,20.83,25,26.7,55.6,22.2,14.8,55,0.836,186,0.398,83,0.325,0.426,0.469,11,4.4,8.6,3.8,21.6,0.68,0.44,2.04,8.5,95.1,107.7
18,OG Anunoby,Tor,F,23.66,23,33.4,69.7,16.8,12.7,53,0.755,114,0.57,124,0.395,0.582,0.607,13.8,5.7,9.5,1.7,7.3,1.61,0.74,1.65,6.1,112.2,107.4
19,Ryan Arcidiacono,Chi,G,26.97,20,10.8,22.5,12.5,7.9,9,0.889,19,0.526,35,0.314,0.491,0.526,3.1,1.8,9,1.3,14.7,0.25,0,0.25,7.2,115.3,107.3
20,D.J. Augustin,Mil,G,33.34,36,19.4,40.5,14.3,13.8,40,0.9,62,0.339,126,0.381,0.495,0.54,6.2,1.4,3.7,3,18.6,0.56,0.03,0.92,6.1,114.5,112.2
21,Deni Avdija,Was,F,20.2,33,22.2,46.3,12.2,12.1,19,0.579,80,0.55,101,0.347,0.533,0.539,6.2,4.7,11,1.3,7.6,0.67,0.21,0.79,6.1,102.4,104.3
22,Deandre Ayton,Pho,C,22.64,37,30.8,64.1,19.2,12.9,93,0.72,368,0.614,17,0.235,0.603,0.623,14.4,11.2,20.4,1.6,7.8,0.35,1.08,1.7,8.3,120.8,100.2
23,Udoka Azubuike,Uta,C-F,21.49,12,4.1,8.5,11.1,23.7,6,0.667,7,0.571,0,0,0.571,0.622,1,1.1,14.1,0,0,0.08,0.33,0.25,0,107.4,94.1
24,Dwayne Bacon,Orl,G-F,25.54,39,25.2,52.5,19,6.7,81,0.852,248,0.435,121,0.339,0.459,0.504,10.5,2.9,6,1.1,6.6,0.59,0.08,0.74,5.1,101.5,109.9
25,Marvin Bagley III,Sac,F,22,36,26,54.1,22.9,9.7,109,0.56,313,0.54,94,0.362,0.541,0.551,13.9,7.6,16,1,5.5,0.5,0.5,1.36,7.3,108.9,111.4
26,LaMelo Ball,Cha,G,19.56,37,28.9,60.3,24.6,17,104,0.808,271,0.494,199,0.387,0.531,0.565,15.8,6.1,11.4,6.4,33.6,1.59,0.38,2.86,11.8,112,104.1
27,Lonzo Ball,Nor,G,23.38,36,31.4,65.5,19.8,13.6,43,0.767,160,0.488,278,0.388,0.548,0.561,14.3,4.2,7.4,5.2,22.5,1.31,0.56,2,8.6,112.6,111.6
28,Mo Bamba,Orl,C,22.84,20,10.2,21.2,19.9,8.5,14,0.571,52,0.596,28,0.286,0.538,0.545,4.7,4.1,20.7,0.3,4,0.15,0.9,0.4,7,109.1,98.2
29,Desmond Bane,Mem,G,22.72,31,22.9,47.7,16.5,11.9,27,0.889,111,0.523,122,0.451,0.603,0.623,9.8,2.9,6.8,1.3,7.5,0.71,0.13,1.06,5.8,113.3,106.3
30,Harrison Barnes,Sac,F,28.79,35,35.7,74.4,17.7,9.8,164,0.823,249,0.562,149,0.376,0.563,0.62,16.7,6.2,9.6,3.5,13.4,0.77,0.17,1.46,8,124.1,118.8
31,RJ Barrett,Nyk,F-G,20.75,39,33.1,69,23.9,10.4,152,0.73,431,0.48,131,0.359,0.494,0.53,17.1,5.9,9.6,2.9,14.3,0.69,0.21,1.87,8,106.1,104.7
32,Will Barton,Den,G,30.19,35,30.1,62.7,18.6,13.2,52,0.75,217,0.479,149,0.403,0.53,0.549,12.2,4,7.5,3.1,14,0.83,0.4,1.69,7.1,106.8,111.5
33,Keita Bates-Diop,San,F,25.14,16,7.4,15.4,13.8,2.7,10,0.7,17,0.353,15,0.333,0.422,0.467,2.1,1.3,8.9,0.4,7.8,0.38,0.06,0.06,5.6,107.2,108.6
34,Nicolas Batum,Lac,G-F,32.25,37,28.8,60.1,11.8,9.8,36,0.833,80,0.55,162,0.432,0.616,0.636,8.9,4.7,9.1,2.3,10.5,1.19,0.35,0.76,6.4,128.4,108.9
35,Aron Baynes,Tor,C-F,34.26,36,19.7,41,16.2,12,24,0.75,148,0.507,77,0.26,0.467,0.484,6.3,5.6,15.6,1,7.3,0.31,0.42,0.89,6.7,101.8,103.3
36,Kent Bazemore,Gol,G-F,31.7,37,16.6,34.5,16.5,16.7,36,0.722,88,0.523,95,0.421,0.579,0.598,6.4,2.9,9.1,1.6,13.2,0.84,0.51,1.08,7.5,105.9,99.1
37,Darius Bazley,Okc,F-G,20.75,36,30.7,63.9,19.8,12.6,81,0.704,217,0.479,186,0.29,0.459,0.487,11.9,7.5,12.8,1.5,7.4,0.5,0.64,1.75,6.7,90.6,109.8
38,Bradley Beal,Was,G,27.71,34,35.5,73.9,35.4,10.5,281,0.9,568,0.539,231,0.329,0.526,0.592,32.1,5.3,7.8,4.6,24,1.38,0.44,3.18,10.4,113.7,110.9
39,Malik Beasley,Min,G,24.3,33,33.1,69,24.4,8.5,72,0.847,264,0.508,286,0.406,0.56,0.582,20.5,4.6,7.5,2.5,12.2,0.82,0.18,1.64,7.5,110.9,114.8
40,Jordan Bell,Was,F,26.18,3,16.6,34.6,15,16.7,0,0,13,0.385,2,0,0.333,0.333,3.3,5.3,16.9,1.7,13.3,0.33,1,1,7.5,83.5,107.9
41,DeAndre' Bembry,Tor,G-F,26.7,30,17.4,36.2,12.5,21.8,22,0.682,82,0.598,27,0.333,0.573,0.59,4.7,2.3,7.2,1.9,15.3,0.7,0.33,1.1,6.3,107.6,107.7
42,Davis Bertans,Was,F,28.34,32,25.4,53,16.5,6.2,68,0.853,32,0.438,241,0.382,0.557,0.598,11.3,3.1,6.3,0.9,4.7,0.63,0.22,0.63,5,115.9,109
43,Patrick Beverley,Lac,G,32.67,29,23.8,49.5,14.4,12,39,0.795,62,0.484,119,0.42,0.58,0.608,8.3,3.7,8.7,2.1,11.5,0.86,0.79,0.93,6.7,121.4,101.4
44,Saddiq Bey,Det,F,21.93,36,23.2,48.3,17.7,6.8,62,0.855,88,0.432,201,0.388,0.536,0.574,10.1,3.9,9.4,1.1,7.5,0.58,0.08,0.64,6.1,114.1,109.5
45,Tyler Bey,Dal,F,23.09,5,2.7,5.7,21.8,0,4,0.5,5,0.4,0,0,0.4,0.444,1.2,0.8,15.9,0,0,0,0.2,0,0,,
46,Khem Birch,Orl,C,28.46,38,20,41.7,12.1,9.8,69,0.739,147,0.497,16,0.25,0.485,0.54,5.5,5.3,13.8,1,7.3,0.58,0.68,0.55,6.2,121.1,107.6
47,Goga Bitadze,Ind,C-F,21.65,18,8.9,18.6,18,12,15,0.8,34,0.647,18,0.167,0.51,0.555,3.6,1.9,12.3,0.3,4.4,0.17,0.83,0.44,5.7,109.1,98.1
48,Bismack Biyombo,Cha,C,28.54,35,22,45.8,11.4,16.5,62,0.484,144,0.556,1,0,0.552,0.551,5.4,5.5,13.5,1.4,8.7,0.31,1.14,0.97,6.3,113.5,104.8
49,Nemanja Bjelica,Sac,F,32.85,21,17.7,37,19.3,14.2,40,0.8,82,0.561,46,0.326,0.535,0.58,8,4,12.6,2.1,16.6,0.33,0.1,1.14,9.2,114.9,110.6
50,Eric Bledsoe,Nor,G,31.26,38,29.1,60.6,18.3,12.6,82,0.683,195,0.477,185,0.373,0.517,0.54,11.8,3.4,6.5,3.9,17.8,0.74,0.29,1.58,7.4,109.6,114
51,Keljin Blevins,Por,G,25.31,9,5.2,10.9,12.8,21.4,0,0,7,0.286,4,0,0.182,0.182,0.4,0.2,2.3,0.4,10.6,0.22,0,0.33,2.4,47.3,113.3
52,Bojan Bogdanovic,Uta,F,31.91,38,30.5,63.6,20.8,10,120,0.858,199,0.462,255,0.396,0.536,0.582,15.5,3.8,6.7,1.9,9.2,0.5,0.05,1.47,6.3,114.3,108.2
53,Bogdan Bogdanovic,Atl,G,28.57,14,22.3,46.5,19.2,11.5,13,0.923,37,0.459,81,0.309,0.462,0.489,8.6,3.5,8.5,2.2,14.5,0.43,0.14,1.14,7.3,100.5,107.8
54,Bol Bol,Den,C-F,21.33,16,5.4,11.2,16.7,24.3,2,0.5,13,0.462,11,0.545,0.625,0.623,1.9,0.8,7.9,0.3,6.2,0.13,0.31,0.5,5.7,92.1,105.1
55,Marques Bolden,Cle,C,22.91,6,4.8,9.9,12.9,23.5,8,0.625,3,0.333,0,0,0.333,0.537,1.2,1,11.8,0,0,0.33,0.33,0.33,0,99.4,116.1
56,Jordan Bone,Orl,G,23.36,14,14,29.2,12.5,5.3,0,0,22,0.591,32,0.313,0.519,0.519,4,1.7,6.4,1.3,13.4,0.14,0,0.21,5.9,112.8,111.9
57,Isaac Bonga,Was,G,21.35,24,11.9,24.8,9,17.8,4,0.75,18,0.389,31,0.355,0.48,0.493,2.1,2,8.6,0.5,5.7,0.25,0.21,0.46,4.3,95.4,106
58,Devin Booker,Pho,G,24.37,33,34,70.9,32.1,14.1,178,0.843,429,0.555,185,0.362,0.551,0.597,25.1,3.7,6.1,4.6,22.3,0.85,0.27,3.45,8.9,108.6,105.4
59,Chris Boucher,Tor,F-C,28.17,39,24.1,50.2,20.5,6.5,133,0.767,211,0.611,148,0.432,0.627,0.661,14.2,6.5,14.8,1,6.9,0.59,1.92,0.74,7.5,130.6,103
60,Brian Bowen II,Ind,F-G,22.45,1,5.1,10.6,20.7,0,1,1,2,0.5,0,0,0.5,0.615,3,1,11,0,0,0,0,0,0,127.4,116.2
61,Avery Bradley,Mia,G,30.3,10,21.1,43.9,16.8,11.4,9,0.778,28,0.536,38,0.421,0.591,0.607,8.5,1.8,4.8,1.4,10.3,0.7,0.1,0.9,5.3,109.5,100.7
62,Tony Bradley,Phi,C-F,23.18,15,11.9,24.8,13.3,1.8,5,0.6,52,0.654,1,0,0.642,0.643,4.7,4.4,20.3,0.7,9,0.2,0.67,0.07,8.2,145.3,101
63,Jarrell Brantley,Uta,F,24.77,10,2.8,5.8,17,9.1,0,0,3,0.333,7,0.429,0.55,0.55,1.1,0.7,13.4,0,0,0.1,0.1,0.1,0,,
64,Ignas Brazdeikis,Nyk,F,22.18,4,1.8,3.7,17.9,34.7,2,1,1,0,0,0,0,0.532,0.5,0.5,15.1,0.3,17.3,0,0,0.25,9.4,,
65,Miles Bridges,Cha,F,22.98,37,26.4,55,15.6,17.8,44,0.932,154,0.584,123,0.374,0.574,0.606,9.7,5.8,11.9,2,10.8,0.7,0.68,1.73,7.3,109.9,106
66,Mikal Bridges,Pho,F,24.54,37,32.5,67.7,15.5,7.2,83,0.843,186,0.629,164,0.421,0.63,0.661,13.8,4.9,8.4,2.2,9.3,0.73,0.92,0.81,6.5,130.9,109.8
67,Malcolm Brogdon,Ind,G,28.26,36,35.6,74.2,26.3,10.2,105,0.886,423,0.487,230,0.391,0.522,0.554,21.5,4.7,7.5,6.2,27.2,1.17,0.22,2.19,9.6,111.6,110.4
68,Dillon Brooks,Mem,G-F,25.14,32,29.3,61,26.5,11.6,72,0.819,305,0.439,184,0.332,0.461,0.49,15.9,3,5.6,2.6,13.2,1.34,0.44,2.13,6.8,96,103.1
69,Troy Brown Jr.,Was,G-F,21.63,20,13.6,28.3,16.3,15,15,0.667,40,0.45,44,0.273,0.429,0.453,4.1,3,11.6,0.9,8.9,0.15,0.2,0.8,6.6,89.2,107.2
70,Bruce Brown,Bro,G-F,24.58,35,21,43.7,15.9,10.4,55,0.709,181,0.619,35,0.257,0.581,0.604,8.3,4.5,12.1,1.4,9.1,0.71,0.29,0.8,7.1,122.6,105.9
71,Jaylen Brown,Bos,G-F,24.39,35,33.8,70.4,30.1,11.9,174,0.764,442,0.538,211,0.384,0.551,0.584,24.3,5.5,9.1,3.9,19.4,1.17,0.46,2.83,9.5,112.6,107.6
72,Moses Brown,Okc,C,21.42,10,10.1,21.1,18.2,9.5,21,0.619,29,0.655,0,0,0.655,0.667,5.1,4,20.7,0.4,6.4,0.3,0.7,0.4,8,132.6,93.8
73,Sterling Brown,Hou,G-F,26.09,35,23.2,48.3,13.6,10.4,17,0.941,79,0.506,147,0.388,0.555,0.572,7.6,4.2,9.6,1.7,10.5,0.94,0.23,0.77,6.5,112.3,106.2
74,Jalen Brunson,Dal,G,24.54,33,25.1,52.3,19.9,11,90,0.822,184,0.609,108,0.398,0.604,0.644,12.9,3.5,7.6,3.4,20.6,0.55,0,1.24,8.5,124.5,111.1
75,Thomas Bryant,Was,C-F,23.62,10,27.1,56.4,17.2,9.8,24,0.667,70,0.714,21,0.429,0.698,0.704,14.3,6.1,11.8,1.5,8.6,0.4,0.8,1.1,7.5,130.7,106.4
76,Reggie Bullock,Nyk,G-F,30,34,26.4,55.1,14.5,7.8,26,0.846,97,0.464,165,0.37,0.521,0.539,8.7,3.3,6.7,1.3,6.9,0.59,0.21,0.68,5.1,107.9,105
77,Trey Burke,Dal,G,28.34,36,16,33.4,19.3,7.6,31,0.871,107,0.505,112,0.384,0.541,0.567,7.3,0.9,3.2,1.6,14.8,0.61,0.06,0.53,5.5,113.7,110.5
78,Alec Burks,Nyk,G,29.65,27,24.8,51.8,20.5,9.3,60,0.85,131,0.427,126,0.389,0.504,0.547,11.5,4.3,9.2,2.2,13.4,0.74,0.19,1.07,7.7,110.5,104.2
79,Jimmy Butler,Mia,F,31.5,25,33.4,69.5,27.8,10.8,218,0.849,323,0.502,43,0.209,0.48,0.58,21.4,7.4,12.3,8,40.9,2.16,0.44,2.24,13,123.5,105.8
80,Bruno Caboclo,Hou,F,25.48,6,6.1,12.6,25.5,18.3,2,0.5,12,0.667,5,0,0.471,0.475,2.8,2.3,20.3,0.2,4.7,0,0.33,0.67,7.1,83.1,95.7
81,Devontae Cacok,Lal,F,24.43,4,4.3,9,17.4,29.1,2,0,4,1,0,0,1,0.82,2,1.3,16.3,0,0,0.5,0,0.5,0,96.6,101.7
82,Kentavious Caldwell-Pope,Lal,G,28.07,34,26.2,54.6,14,12.9,49,0.857,99,0.495,129,0.395,0.55,0.587,8.6,2.4,5.2,1.4,7.3,0.79,0.26,1.09,4.7,110.3,104.3
83,Facundo Campazzo,Den,G,29.98,32,16.7,34.8,14.6,15.1,37,0.811,41,0.463,94,0.372,0.53,0.572,5.4,1.1,3.7,2.3,17.1,0.91,0.22,0.84,5.7,114.3,104.3
84,Vlatko Cancar,Den,F,23.93,21,6.1,12.7,13.9,22.1,6,0.833,14,0.571,15,0.2,0.431,0.474,1.4,1.3,12.4,0.3,5.9,0.33,0.1,0.43,5.4,87.4,104.1
85,Clint Capela,Atl,C,26.83,34,29.5,61.5,20.1,10.4,113,0.531,372,0.597,0,0,0.597,0.598,14.8,14.3,26.4,0.9,5,0.74,2.29,1.44,7.8,120.7,103.1
86,Vernon Carey Jr.,Cha,F-C,20.05,4,2.7,5.7,19,20.5,2,0.5,2,0.5,1,0,0.333,0.387,0.8,1.3,24.8,0.3,12.1,0,0.25,0.25,10,,
87,Wendell Carter Jr.,Chi,C-F,21.91,26,25.9,54,19.4,14.7,95,0.747,199,0.538,21,0.333,0.534,0.584,11.8,8,17.1,2.2,11.8,0.65,0.85,1.73,9.1,114.5,101
88,Jevon Carter,Pho,G,25.5,30,9.8,20.4,13.9,5.4,2,1,27,0.481,59,0.305,0.465,0.472,2.7,1.2,7.1,1.2,15.4,0.43,0.23,0.17,6.4,107,101.5
89,Michael Carter-Williams,Orl,G,29.43,20,26.7,55.6,19.6,19.7,45,0.733,140,0.443,36,0.25,0.429,0.47,9.2,4.7,9,4.3,24.1,0.55,0.45,2.4,8.6,95.6,105.2
90,Alex Caruso,Lal,G,27.04,30,19.5,40.6,14.1,16.9,25,0.72,76,0.461,70,0.4,0.527,0.548,5.7,2.7,7.9,2.4,16.3,1,0.2,1.07,6.8,108.1,99.5
91,Willie Cauley-Stein,Dal,C,27.57,33,17.3,36,12.2,10.2,48,0.646,113,0.655,7,0.143,0.629,0.645,5.5,4.4,14,0.8,6.4,0.3,0.76,0.48,6.2,129.8,101.5
92,Chris Chiozza,Bro,G,25.31,15,9.1,18.9,20.1,15.9,13,0.769,24,0.333,23,0.391,0.457,0.503,3.5,1.1,6.6,2.4,34.2,0.27,0.27,0.67,9.2,112.5,109.4
93,Marquese Chriss,Gol,F,23.7,2,13.4,27.8,28.2,11.3,4,0.5,9,0.444,5,0.2,0.393,0.412,6.5,6.5,25.5,1,11.2,0,1,1,10.4,87.1,96.9
94,Brandon Clarke,Mem,F-G,24.48,30,26.9,56,17.8,5,61,0.672,245,0.559,51,0.333,0.549,0.567,12.2,5.8,11.8,1.6,8.4,1.17,0.77,0.57,7.2,118.6,107.4
95,Gary Clark,Orl,F,26.33,33,18.9,39.5,10.3,11.3,10,0.8,22,0.409,107,0.28,0.419,0.435,3.5,3.3,9.1,0.9,6.5,0.36,0.18,0.52,4.6,96.4,111.1
96,Jordan Clarkson,Uta,G,28.77,38,25.8,53.8,28.7,10,60,0.967,241,0.548,324,0.37,0.552,0.577,17.9,4,8.2,2.2,13.9,0.97,0.18,1.74,8.4,111.9,106.1
97,Nicolas Claxton,Bro,F-C,21.91,7,15.8,33,19.8,7.9,19,0.632,36,0.694,2,0,0.658,0.669,8.9,3.4,12.2,1,9.4,0.86,1.43,0.57,7.9,129.6,101.8
98,Amir Coffey,Lac,G-F,23.74,22,8,16.7,16.4,13.7,13,0.538,22,0.5,29,0.483,0.627,0.626,3.2,0.8,5.4,0.5,8.5,0.23,0,0.41,5.4,114.4,111
99,John Collins,Atl,F-C,23.47,39,30.5,63.6,22.3,8.7,128,0.844,370,0.586,139,0.374,0.58,0.617,17.9,7.7,13.7,1.4,7.7,0.44,0.97,1.38,7.6,121.2,104.1
100,Mike Conley,Uta,G,33.43,31,29.6,61.6,22.6,12,81,0.84,186,0.484,204,0.426,0.565,0.598,16.4,3.4,6.1,5.6,28.6,1.42,0.1,1.87,9.2,123.8,105.6
101,Pat Connaughton,Mil,G,28.19,35,21.2,44.2,11.8,6.2,17,0.824,60,0.55,128,0.391,0.574,0.588,6.6,4.2,10.4,1.4,8,0.69,0.43,0.37,6.4,125.3,105.7
102,Quinn Cook,Lal,G,27.98,16,3.9,8.1,21.8,9.6,5,0.8,13,0.538,13,0.385,0.558,0.585,2.1,0.3,4.5,0.3,12.2,0.06,0.06,0.19,5.9,,
103,Quinn Cook,Cle,G,27.98,2,17.5,36.4,21.1,5.9,0,0,9,0.333,7,0.571,0.563,0.563,9,3,9.6,2.5,23.7,1,0,0.5,9.3,121,113.6
104,Tyler Cook,Bro,F,23.47,4,4.2,8.6,10.5,25,0,0,3,0.333,0,0,0.333,0.333,0.5,0.5,6.8,0.5,14.4,0,0,0.25,4.8,88.7,108
105,DeMarcus Cousins,Hou,C,30.59,25,20.2,42.2,23.1,14.2,59,0.746,94,0.426,116,0.336,0.469,0.511,9.6,7.6,19.9,2.4,18.4,0.84,0.72,1.56,11.1,101.4,94.8
106,Robert Covington,Por,F,30.25,36,32.2,67,12.1,13.2,29,0.828,83,0.47,188,0.356,0.515,0.534,8.4,6.6,10.9,1.8,7.4,1.56,1.17,1.19,5.8,105.9,109.6
107,Torrey Craig,Mil,F,30.24,18,11.2,23.3,10.8,9.6,2,0.5,24,0.417,22,0.364,0.478,0.48,2.5,2.4,11.2,0.9,9.5,0.5,0.39,0.28,6.3,112.1,100.4
108,Jae Crowder,Pho,F,30.69,34,27.4,57.1,15.9,9,35,0.829,74,0.473,213,0.376,0.54,0.561,10,5,10.2,2.1,10.2,0.85,0.21,0.88,6.9,110.3,105.5
109,Jarrett Culver,Min,G-F,22.06,19,19.8,41.3,18.6,13.8,35,0.6,93,0.495,35,0.229,0.453,0.478,7.2,4.7,12.8,0.8,6.2,0.63,0.37,1.21,6.1,94.3,106.8
110,Seth Curry,Phi,G,30.56,31,29.6,61.7,17.2,11.8,58,0.931,164,0.488,140,0.436,0.564,0.602,12.8,2.1,4,2.9,13.8,0.9,0.26,1.42,5.8,116.1,108.4
111,Stephen Curry,Gol,G,33,37,34,70.7,32.4,12.1,206,0.927,326,0.561,428,0.411,0.593,0.642,29.3,5.4,8.3,6.3,32.4,1.32,0.08,3.14,11.8,118.4,108.3
112,Nate Darling,Cha,G,22.54,1,3.6,7.5,11.8,0,0,0,0,0,1,0,0,0,0,0,0,0,0,0,0,0,0,,
113,Anthony Davis,Lal,F-C,28.01,23,32.8,68.4,27.9,9.3,130,0.715,325,0.575,58,0.293,0.555,0.588,22.5,8.4,14.3,3,15.9,1.35,1.78,1.96,10.1,116,101.4
114,Ed Davis,Min,C-F,31.78,19,13.9,29,8.3,11.4,8,0.875,43,0.419,0,0,0.419,0.462,2.3,5.1,19.6,1,9.4,0.53,0.53,0.32,6.5,121.4,95.9
115,Terence Davis,Tor,G,23.83,33,14.8,30.8,21.4,11.1,18,0.889,87,0.483,121,0.364,0.519,0.537,7,2,7.3,1.1,11.4,0.52,0.21,0.82,6.7,101.1,106.9
116,DeMar DeRozan,San,G-F,31.6,30,33.9,70.7,23.9,8.9,204,0.882,367,0.515,53,0.321,0.511,0.597,20.3,4.7,7.3,7.3,33,0.97,0.27,1.67,10.5,125.3,108.6
117,Mamadi Diakite,Mil,F,24.15,1,5.3,11,15.8,0,0,0,2,0.5,0,0,0.5,0.5,2,2,19.8,2,51.4,0,1,0,15.1,138.4,69.8
118,Hamidou Diallo,Okc,G,22.62,32,23.8,49.5,23.2,12.1,132,0.629,256,0.512,41,0.293,0.502,0.536,11.9,5.2,11.4,2.4,16.3,0.97,0.38,1.53,8.9,105.1,101
119,Gorgui Dieng,Mem,C,31.15,22,16.9,35.2,16.9,14.8,43,0.884,60,0.55,48,0.479,0.625,0.682,7.9,4.5,14.3,1.3,10.6,0.77,0.64,1,8.5,126.8,101.5
120,Spencer Dinwiddie,Bro,G,27.94,3,21.4,44.7,16,21.2,6,1,9,0.444,7,0.286,0.438,0.536,6.7,4.3,11.4,3,17.4,0.67,0.33,1.67,8.3,102.4,108.5
121,Donte DiVincenzo,Mil,G,24.12,38,26.6,55.5,17.4,11.7,40,0.65,168,0.458,185,0.378,0.516,0.526,10.3,5,9.8,2.9,14.2,1.08,0.21,1.29,8,109.4,107.9
122,Luka Doncic,Dal,F-G,22.04,34,35.2,73.3,35.5,14.8,264,0.754,446,0.549,258,0.349,0.54,0.585,28.2,8.4,13,9.1,46.5,0.94,0.65,4.18,14.7,114.2,108.5
123,Luguentz Dort,Okc,G,21.9,37,29.7,61.9,19.9,10.8,100,0.78,183,0.454,219,0.329,0.475,0.516,12.4,3.6,6.3,1.6,7.9,0.84,0.27,1.46,5.6,98.2,106.7
124,Damyean Dotson,Cle,G,26.86,31,18.8,39.1,17.7,10.5,28,0.714,95,0.526,106,0.274,0.465,0.485,6.7,1.9,5.6,2.2,17.5,0.42,0.13,0.81,6.5,101.1,114.2
125,Devon Dotson,Chi,G,21.62,1,9.5,19.8,18,0,0,0,4,0.5,0,0,0.5,0.5,4,1,5.8,0,0,0,0,0,0,98.5,107.6
126,Sekou Doumbouya,Det,F,20.22,34,13.2,27.4,16.7,11.1,26,0.731,81,0.432,60,0.25,0.408,0.44,3.9,2.2,9.3,0.6,7.3,0.38,0.06,0.56,5.2,90.1,104.1
127,PJ Dozier,Den,G-F,24.38,23,19.7,41.1,16.8,9.8,38,0.605,82,0.476,58,0.379,0.514,0.533,7.3,3.9,11.1,1.6,10.8,0.52,0.57,0.74,7.3,110.5,106.7
128,Goran Dragic,Mia,G,34.86,25,27.1,56.5,25.8,17.4,73,0.836,171,0.509,119,0.361,0.522,0.565,14.6,3.2,6.6,4.9,30.2,0.6,0.12,2.72,9,104.2,104.4
129,Andre Drummond,Cle,C,27.6,25,28.9,60.2,31,15.6,129,0.597,372,0.484,8,0,0.474,0.5,17.5,13.5,26.2,2.6,16,1.6,1.16,3.24,11.8,97.3,100.1
130,Jared Dudley,Lal,F,35.68,11,6.9,14.4,5.1,22.2,0,0,2,0,5,0.4,0.429,0.429,0.5,1.7,14,0.5,7.9,0.09,0.09,0.18,4.4,106.6,99.4
131,Kevin Durant,Bro,F,32.46,19,35.8,74.5,31.4,13.7,145,0.869,246,0.565,113,0.434,0.592,0.652,29,7.3,11.5,5.3,23.7,0.74,1.42,3.53,11.6,119.5,109.2
132,Anthony Edwards,Min,G,19.61,39,29.5,61.5,26.2,10.3,101,0.802,350,0.429,251,0.315,0.447,0.479,15.8,4.1,7.4,2.5,13.2,0.92,0.38,1.9,7.4,94.4,113.6
133,Carsen Edwards,Bos,G,23.01,15,10.6,22,20.3,2.7,9,0.778,33,0.636,36,0.306,0.543,0.562,5.5,1.2,6.4,0.6,8.6,0.33,0.07,0.13,6,118.3,105.3
134,CJ Elleby,Por,F-G,20.74,13,8.1,16.8,15.6,7.9,9,0.667,12,0.75,19,0.263,0.532,0.558,3,1.1,7.1,0.2,4,0.31,0.23,0.23,4.3,112.6,102.2
135,Henry Ellenson,Tor,F-C,24.17,2,19.2,40,17.7,0,4,0.75,5,0.6,9,0.222,0.429,0.476,7.5,6,17.2,2.5,18.7,0,0.5,0,10.1,120.6,95.7
136,Wayne Ellington,Det,G,33.29,30,23.2,48.4,17.2,8,27,0.741,50,0.54,192,0.422,0.614,0.624,10.6,1.8,4.2,1.4,9.5,0.43,0.2,0.73,5.2,117.6,112.1
137,Joel Embiid,Phi,C-F,27,31,32.6,67.9,34.1,12.2,354,0.859,468,0.545,90,0.422,0.559,0.65,29.9,11.5,19.3,3.3,17.2,1.19,1.39,3.19,12.8,123.8,100.2
138,James Ennis III,Orl,F,30.7,24,21.4,44.6,13.3,13.2,42,0.786,73,0.534,47,0.447,0.588,0.628,7.3,3.9,9.4,1.3,9.1,0.83,0.25,0.88,6.2,120.1,104
139,Drew Eubanks,San,F-C,24.12,18,12.6,26.2,16.8,9.2,28,0.714,67,0.433,0,0,0.433,0.492,4.3,3.4,14.1,0.7,7.9,0.17,1.17,0.44,6.9,103.2,102
140,Dante Exum,Cle,G,25.67,6,19.4,40.3,12.6,20.7,2,0.5,15,0.533,11,0.182,0.423,0.428,3.8,2.8,8.2,2.2,15.6,0.67,0.33,1.17,5.9,86.7,109.1
141,Tacko Fall,Bos,C,25.26,8,8.2,17.2,15.5,8.4,11,0.273,17,0.706,0,0,0.706,0.618,3.4,3,20.5,0.3,4.5,0,1.25,0.25,7.1,123.2,95.4
142,Derrick Favors,Uta,F,29.67,36,16.2,33.7,13.3,11.7,57,0.789,133,0.654,1,0,0.649,0.688,6.1,5.4,17.8,0.8,7,0.5,0.89,0.58,7.3,139.2,94.3
143,Cristiano Felicio,Chi,F-C,28.69,6,6.4,13.2,11.8,28.5,8,0.625,4,0.75,0,0,0.75,0.731,1.8,2,17.5,0.8,16.3,0.33,0,0.5,8.9,134.8,105.7
144,Terrance Ferguson,Phi,G,22.83,12,3.9,8.1,9.9,36.4,0,0,2,0.5,5,0,0.143,0.143,0.2,0.1,1.2,0.2,5,0.08,0,0.33,1.6,,
145,Bruno Fernando,Atl,F-C,22.58,20,8,16.7,12.5,32.2,15,0.6,23,0.478,2,0,0.44,0.491,1.6,3.1,20.8,0.5,7.5,0.1,0.1,0.75,6.8,87.1,100.5
146,Yogi Ferrell,Cle,G,20,2,20.3,42.2,26.6,12.1,2,0,12,0.417,9,0.333,0.452,0.434,9.5,3.5,9.7,2.5,20.3,1.5,0.5,1.5,8.6,90.7,105.1
147,Dorian Finney-Smith,Dal,F,27.86,28,31.5,65.6,11.2,7.2,17,0.882,66,0.576,134,0.343,0.535,0.552,8.2,5.4,9.4,1.4,6,0.93,0.43,0.57,5,116.5,108.2
148,Malachi Flynn,Tor,G,22.85,15,8.4,17.4,17.7,7.7,6,0.667,19,0.368,26,0.192,0.322,0.346,2.2,0.7,4.8,1.1,17.5,0.27,0,0.27,5.7,83.5,108.5
149,Bryn Forbes,Mil,G,27.64,38,18.7,38.9,18.4,6.4,27,0.741,101,0.495,178,0.461,0.62,0.629,9.6,1.3,3.6,0.6,4.4,0.21,0,0.53,4.2,118.7,111.4
150,Trent Forrest,Uta,G,22.76,7,2.8,5.9,10.6,20.5,2,1,1,0,2,0,0,0.258,0.3,0.3,5.4,0.6,23.6,0.29,0,0.14,5.4,,
151,Evan Fournier,Orl,G-F,28.37,21,29.2,60.8,26.2,12.1,105,0.79,142,0.528,140,0.371,0.543,0.593,18.5,3.1,5.5,3.8,21.7,1.05,0.33,2.14,8.2,112.6,108.8
152,De'Aaron Fox,Sac,G,23.23,37,34.4,71.6,30.1,13.4,248,0.681,468,0.526,204,0.338,0.52,0.556,23.5,3.4,5.5,7.6,34.2,1.24,0.46,3.27,9.8,111,114.5
153,Tim Frazier,Mem,G,20,3,10.8,22.6,14.3,27.3,0,0,6,0.333,2,0,0.25,0.25,1.3,1.3,6.7,2.3,26,0.33,0,1,5.8,67.6,102
154,Markelle Fultz,Orl,G,22.8,8,26.9,56,26,13.8,19,0.895,88,0.42,16,0.25,0.413,0.458,12.9,3.1,6,5.4,32.6,1,0.25,2.25,8.9,96.2,107.2
155,Wenyen Gabriel,Nor,F,23.97,5,3.4,7.1,14.7,17,2,0.5,3,0,1,0,0,0.102,0.2,1.2,19.6,0.2,6.6,0,0,0.2,4.3,,
156,Daniel Gafford,Chi,F-C,22.45,27,13.1,27.2,13.7,16.8,39,0.667,77,0.675,0,0,0.675,0.69,4.8,3.1,13.2,0.6,6.6,0.41,1.19,0.7,6.3,127.3,100.1
157,Danilo Gallinari,Atl,F,32.6,27,22.7,47.3,21.5,9.4,87,0.943,98,0.418,142,0.401,0.527,0.602,12.4,3.6,8.7,1.4,9.7,0.59,0.15,1.07,7,118.1,107
158,Langston Galloway,Pho,G,29.26,25,10.5,21.8,16.4,7.3,16,1,36,0.472,46,0.457,0.591,0.635,4.5,1,5.6,0.6,8.3,0.16,0,0.28,5.3,123,110.3
159,Darius Garland,Cle,G,21.13,29,32.8,68.3,23.8,16,55,0.836,285,0.467,131,0.382,0.5,0.525,15.9,2.2,3.7,5.9,29.4,1.14,0.1,2.9,7.2,102.3,112.4
160,Marc Gasol,Lal,C,36.12,35,20.1,41.8,11.1,16.7,36,0.806,49,0.469,85,0.365,0.519,0.561,4.8,4.1,11.4,2,12.6,0.49,1.29,0.86,6.8,113,96.6
161,Rudy Gay,San,F-G,34.58,29,21.8,45.4,23.3,9.2,51,0.804,160,0.438,125,0.376,0.493,0.524,11.1,5.1,12.2,1.5,10.1,0.79,0.52,1.07,8.1,102.6,103.8
162,Paul George,Lac,F,30.87,29,32.9,68.6,28.9,15.3,116,0.888,254,0.535,225,0.44,0.594,0.634,23.2,6,10.3,5.3,25.8,1.17,0.48,3.31,11,117.1,107.2
163,Taj Gibson,Nyk,F,35.72,14,16.5,34.4,9.8,15.6,14,0.643,27,0.667,10,0.3,0.608,0.626,3.9,4.6,14.8,0.5,4.2,0.64,0.5,0.57,5,121.9,98.2
164,Harry Giles III,Por,F-C,22.9,22,11.8,24.6,14.2,18.6,18,0.722,54,0.426,8,0.375,0.444,0.486,3.1,4.9,22.1,0.9,10.3,0.23,0.41,0.73,8.1,104.1,97.3
165,Shai Gilgeous-Alexander,Okc,G-F,22.67,32,34,70.8,28,13.5,219,0.808,348,0.552,159,0.415,0.574,0.629,23.7,5,7.7,6.2,32,0.75,0.63,2.94,10.6,118.7,108.3
166,Anthony Gill,Was,F,28.41,12,5.6,11.7,9.1,20.3,4,0.75,3,0.667,7,0.143,0.35,0.425,0.8,1.6,14.9,0.3,7.3,0.25,0.17,0.25,5.2,90.8,109.8
167,Rudy Gobert,Uta,C,28.72,38,30.8,64.1,17.8,13.6,216,0.602,324,0.645,1,0,0.643,0.652,14.4,13.5,23.3,1.3,6.3,0.5,2.84,1.74,8.2,125.4,99.9
168,Brandon Goodwin,Atl,G,25.45,26,11.3,23.5,19.4,10.6,24,0.708,55,0.382,53,0.283,0.403,0.439,4,1,5,1.7,21.1,0.38,0,0.54,6.7,98.2,109.1
169,Aaron Gordon,Orl,F,25.49,20,28.3,59,23.6,17.1,83,0.627,136,0.463,85,0.365,0.495,0.526,13.6,7,12.7,4,22.2,0.7,0.85,2.65,10.2,101.4,106.9
170,Eric Gordon,Hou,G,32.22,27,29.2,60.9,25.2,10.9,114,0.825,157,0.573,210,0.329,0.527,0.577,17.8,2.1,3.9,2.6,15,0.52,0.48,1.89,6.3,108.6,113
171,Devonte' Graham,Cha,G,26.06,27,31.7,66.1,19.6,9.1,73,0.781,113,0.363,215,0.353,0.473,0.51,13.6,2.9,5,5.6,24.8,0.96,0,1.33,7.6,112.3,113.2
172,Jerami Grant,Det,F,27.01,35,36.1,75.2,27.4,8.7,224,0.888,390,0.482,237,0.354,0.501,0.57,23.6,5.3,8.2,2.9,14.1,0.74,1.06,1.97,7.9,112.5,109.2
173,Danny Green,Phi,G,33.73,39,28.3,59,13.5,13,20,0.65,66,0.47,232,0.384,0.552,0.557,8.8,3.7,7.2,1.8,8.2,1.21,0.82,1.18,5.5,107.5,106.1
174,Draymond Green,Gol,F,31.03,33,29.7,61.8,12.9,29.6,42,0.738,125,0.472,66,0.258,0.442,0.477,6.1,6.2,10.9,8.5,36.8,1.52,0.7,2.67,9.2,105.3,100.6
175,JaMychal Green,Den,F-C,30.73,26,20.4,42.5,18.8,11.9,32,0.844,87,0.46,99,0.424,0.554,0.582,9,6,16.6,0.9,6.2,0.58,0.27,1.04,7.2,113.8,99.6
176,Javonte Green,Bos,G-F,27.64,23,14.6,30.5,12.3,12.5,30,0.667,49,0.653,22,0.318,0.599,0.624,4.6,2.3,8.7,0.4,4,0.78,0.09,0.52,4.4,120.6,107.1
177,Jeff Green,Bro,F,34.55,35,26.5,55.1,13.6,9.4,55,0.782,115,0.583,122,0.418,0.605,0.632,9.4,3.6,7.6,1.5,7.1,0.66,0.23,0.77,5.6,121.1,110
178,Josh Green,Dal,G,20.32,19,11.4,23.7,11.2,20.1,11,0.545,27,0.556,12,0.167,0.462,0.479,2.2,2.1,10.1,0.5,6.1,0.21,0.05,0.58,4.6,95,109.3
179,Blake Griffin,Det,F,32,20,31.3,65.2,19.6,11.4,62,0.71,98,0.429,124,0.315,0.453,0.491,12.3,5.2,9.2,3.9,18.6,0.7,0.1,1.6,8,101.1,109.1
180,Kyle Guy,Sac,G,23.59,16,7.3,15.2,18.3,5.9,8,0.875,20,0.4,24,0.25,0.386,0.431,2.6,0.9,6.6,0.9,16.6,0.25,0,0.19,7,101.8,115.3
181,Rui Hachimura,Was,F,23.1,30,29.9,62.3,17.5,8.2,107,0.776,223,0.511,77,0.325,0.505,0.556,12.9,5.5,9.6,1.6,7.6,0.83,0.07,1.03,6.5,110.7,110.4
182,Ashton Hagans,Min,G-F,21.69,2,2.1,4.3,10.2,100,0,0,0,0,0,0,,,0,0,0,0,0,0,0,0.5,0,,
183,Tyrese Haliburton,Sac,G,21.04,32,29.5,61.6,17.3,12.7,24,0.833,155,0.542,172,0.43,0.596,0.607,12.8,3.5,6.6,5.2,24.4,1.38,0.59,1.53,8.3,122.1,118.4
184,Josh Hall,Okc,F,20.43,7,7.3,15.2,21.4,15.9,7,0.429,10,0.3,8,0.125,0.25,0.285,1.7,1.3,9.2,1,18.8,0,0,0.57,7.1,65.8,101
185,R.J. Hampton,Den,G,20.1,24,9.2,19.1,14.6,15,10,0.7,40,0.475,18,0.278,0.457,0.481,2.5,2,12.1,0.5,7,0.21,0.08,0.46,5.9,96.4,105.5
186,Tim Hardaway Jr.,Dal,G-F,29,36,29.3,61.1,22.9,6.2,92,0.793,201,0.507,271,0.376,0.54,0.569,16.2,3.2,6,1.7,9,0.58,0.17,0.94,6.1,111.6,113.2
187,James Harden,Hou,G,31.55,8,36.3,75.5,28.6,17.4,60,0.883,63,0.556,72,0.347,0.537,0.613,24.8,5.1,7.5,10.4,48.2,0.88,0.75,4.25,12.1,118.4,111.8
188,James Harden,Bro,G,31.55,25,38.4,79.9,27.2,18,170,0.865,223,0.57,194,0.397,0.582,0.643,25.3,8.8,13,11.2,42.5,1.28,0.8,4.32,14.1,124.3,108.3
189,Maurice Harkless,Mia,F-G,27.84,11,11.2,23.4,6.1,17.8,2,0,2,0,11,0.455,0.577,0.54,1.4,1.2,5.9,0.6,7.5,0.18,0.36,0.27,3.6,104.2,102.4
190,Jared Harper,Nyk,G,23.5,2,2.7,5.5,32.3,51.5,2,1,1,0,0,0,0,0.532,1,0,0,0,0,0,0,1,0,,
191,Montrezl Harrell,Lal,F-C,27.13,38,24.3,50.6,20.8,9.3,125,0.752,338,0.642,7,0,0.629,0.66,13.9,6.4,14.8,1.1,7,0.66,0.79,1.08,7.6,128.4,99.7
192,Gary Harris,Den,G,26.5,19,30.6,63.8,13.8,7.6,30,0.733,81,0.556,75,0.32,0.519,0.544,9.7,2.5,4.6,1.7,7.2,0.89,0.21,0.74,4.5,111.8,111.9
193,Jalen Harris,Tor,G,22.58,4,3.5,7.3,15.3,20,0,0,2,0,2,0.5,0.375,0.375,0.8,0.8,11.7,0.5,18.8,0.25,0,0.25,7.8,,
194,Joe Harris,Bro,G-F,29.52,39,31,64.5,15.9,7,32,0.688,134,0.582,263,0.498,0.691,0.695,14.6,3.5,6.4,1.7,7.5,0.59,0.21,0.79,5.7,129.8,111.1
195,Shaquille Harrison,Uta,G,27.44,17,3.3,6.8,21.2,18.1,6,0.833,18,0.333,2,0,0.3,0.375,1,0.5,8.6,0.5,21.5,0.12,0,0.29,7.6,,
196,Tobias Harris,Phi,F,28.66,34,33.6,70.1,23.3,10.2,116,0.888,383,0.556,132,0.402,0.568,0.608,20.2,7.5,12.3,3.5,16.1,0.82,0.82,1.88,9.6,119.2,105.4
197,Isaiah Hartenstein,Den,C-F,22.86,27,9.4,19.6,19.2,17.1,34,0.588,77,0.519,0,0,0.519,0.544,3.7,2.8,17,0.5,7.6,0.41,0.63,0.7,7.4,109.6,91.4
198,Josh Hart,Nor,G,26.03,39,28.4,59.2,13.2,10.8,73,0.74,118,0.61,157,0.331,0.545,0.576,9.1,7.3,14.3,2.1,9.6,0.77,0.23,0.95,7.3,117.8,107.8
199,Jaxson Hayes,Nor,C-F,20.81,28,13.1,27.3,13.8,14.3,39,0.718,85,0.729,0,0,0.729,0.744,5.4,3.5,15,0.4,4.5,0.36,0.54,0.61,6,134.8,103.2
200,Killian Hayes,Det,G,19.63,7,21.1,44,19.1,26.2,2,0.5,27,0.296,20,0.25,0.33,0.334,4.6,1.1,3,3.6,24.1,0.29,0,2.43,5,69.2,108.8
201,Gordon Hayward,Cha,F,30.98,33,34.7,72.2,24.2,10,141,0.865,362,0.517,163,0.405,0.545,0.591,21,5.4,8.4,3.9,17.8,1.33,0.39,1.97,8.8,116.3,110.8
202,Juancho Hernangomez,Min,F,25.46,20,16.2,33.7,16.1,5.6,23,0.652,47,0.553,60,0.3,0.495,0.517,6.1,4.4,14.5,0.6,5.3,0.3,0.1,0.35,6.2,107.6,111.5
203,Willy Hernangomez,Nor,C-F,26.8,23,16.3,34,16.8,7.4,38,0.632,114,0.544,7,0.143,0.525,0.548,6.6,6.4,21.7,1.2,10.3,0.3,0.48,0.48,9.1,124.4,109.5
204,Tyler Herro,Mia,G,21.15,28,32.1,66.9,23.7,13.6,65,0.769,221,0.507,162,0.34,0.508,0.533,15.7,5.7,9.9,3.5,18.2,0.64,0.39,2.32,8.5,99.1,107.5
205,Buddy Hield,Sac,G,28.24,38,35,72.8,20.3,10.2,65,0.846,148,0.419,394,0.373,0.521,0.543,16.3,4.5,7.1,3.3,12.9,0.82,0.32,1.71,7.1,106.9,115.5
206,George Hill,Okc,G,34.86,14,26.3,54.9,16.9,8.4,25,0.84,63,0.619,57,0.386,0.6,0.63,11.8,2.1,4.1,3.1,18.2,0.86,0.14,0.86,6.5,124.9,112.7
207,Solomon Hill,Atl,F,29.99,39,19.3,40.3,10.6,11.8,21,0.857,40,0.45,115,0.322,0.474,0.502,4.2,2.2,6.3,0.9,6.6,0.69,0.15,0.56,4.2,103.6,107.9
208,Nate Hinton,Dal,G-F,21.77,6,3.1,6.5,37.8,12.6,2,0.5,8,0.25,5,0.2,0.269,0.288,1.3,0,0,0,0,0.17,0.17,0.33,0,,
209,Aaron Holiday,Ind,G,24.45,37,18.7,38.9,19.8,9.5,40,0.725,157,0.401,111,0.351,0.453,0.476,7.4,1.3,3.9,1.8,13.1,0.62,0.11,0.81,5.5,96.1,107.7
210,Jrue Holiday,Mil,G,30.76,28,30.8,64.2,20.4,11,51,0.784,222,0.554,129,0.364,0.551,0.572,15.3,4.4,7.5,5,22.2,1.82,0.54,1.64,9,118.3,107
211,Justin Holiday,Ind,F-G,31.94,37,32.3,67.3,13.7,7.7,52,0.827,95,0.547,231,0.398,0.583,0.606,11.4,3.9,6.8,1.7,7.1,1.22,0.38,0.78,5.2,117.5,108.9
212,Richaun Holmes,Sac,F,27.41,34,29.8,62,16,12.1,77,0.805,295,0.664,6,0.167,0.656,0.682,13.4,8.5,15.7,1.7,8.2,0.68,1.47,1.35,7.8,129.9,107.2
213,Rodney Hood,Por,G-F,28.4,33,19.5,40.6,14.4,12.6,12,0.75,109,0.431,73,0.288,0.431,0.443,5,1.6,4.5,1.2,8.2,0.58,0.12,0.82,4.4,90.2,114.2
214,Al Horford,Okc,C-F,34.78,26,28.2,58.6,22.3,7.8,19,0.789,195,0.513,141,0.376,0.534,0.543,14.4,6.7,12.5,3.3,19.6,0.85,0.92,1.12,9.7,109.1,105.4
215,Talen Horton-Tucker,Lal,G,20.3,34,17.4,36.3,20.7,15.6,41,0.829,155,0.503,65,0.277,0.477,0.513,7.2,2.4,7.7,1.9,16.1,0.82,0.56,1.29,7.4,98.3,96.1
216,Danuel House Jr.,Hou,F-G,27.77,22,27.3,57,15.6,9.5,37,0.757,75,0.467,109,0.312,0.467,0.499,9.1,4,7.6,1.9,10.2,0.68,0.55,0.95,6,101.7,109.4
217,Dwight Howard,Phi,C-F,35.27,39,16.3,34,18.1,24.6,106,0.538,146,0.623,13,0.308,0.61,0.61,6.4,7.5,25.4,0.8,6.5,0.44,0.9,1.72,8.3,107.6,88.9
218,Markus Howard,Den,G,22.03,18,3.2,6.6,29.7,10.3,2,0.5,10,0.3,24,0.167,0.265,0.272,1.1,0.3,4.9,0.3,13.7,0.11,0,0.22,5.8,,
219,Kevin Huerter,Atl,G-F,22.55,39,31.8,66.3,16.7,9.8,38,0.842,190,0.5,228,0.368,0.529,0.545,12.2,3.6,6.2,3.6,16.9,1.26,0.28,1.21,6.8,113.4,108.6
220,Elijah Hughes,Uta,G,23.01,6,4.5,9.4,33,19.3,4,0.75,5,0.4,10,0.3,0.433,0.477,2.7,0.7,7.9,0.5,16.5,0.17,0.17,0.67,8.7,86.4,111.5
221,De'Andre Hunter,Atl,F-G,23.28,18,32.2,67,19.8,9.4,73,0.877,128,0.609,82,0.366,0.586,0.64,17.2,5.4,9.1,2.2,11,0.94,0.5,1.39,7.3,124.6,107.4
222,Chandler Hutchison,Chi,F-G,24.88,7,9.1,18.9,16,20.9,2,1,15,0.267,3,0.333,0.306,0.344,1.9,2.9,17.5,0.6,7.8,0.14,0,0.71,6.5,67.3,97.9
223,Serge Ibaka,Lac,F,31.49,39,23.6,49.1,19.7,10.7,45,0.822,239,0.577,108,0.352,0.562,0.582,10.9,6.7,15.9,1.7,10.9,0.23,1.18,1.13,8.5,116.9,106.5
224,Andre Iguodala,Mia,G-F,37.13,37,21.8,45.4,11.3,18.1,25,0.56,36,0.528,120,0.333,0.506,0.515,4.6,3.8,9.7,2.1,13.5,1,0.43,1,6.1,101.1,104.3
225,Joe Ingles,Uta,F-G,33.45,34,26.5,55.3,15.6,16.7,38,0.895,77,0.662,180,0.461,0.683,0.703,11.3,3.4,6.8,4.4,23.5,0.44,0.26,1.62,8.3,132.3,106.7
226,Brandon Ingram,Nor,F,23.53,39,34.2,71.3,27.5,10.5,198,0.884,446,0.531,242,0.38,0.545,0.597,23.7,5.1,8.3,4.7,21.4,0.64,0.77,2.33,9.7,118.6,113.5
227,Kyrie Irving,Bro,G,28.98,28,35.5,74,30,9.7,113,0.894,369,0.572,199,0.407,0.585,0.62,27.4,4.9,7.7,5.8,27.1,1.14,0.64,2.36,10.4,122.2,109.3
228,Wes Iwundu,Dal,F,26.23,20,12.3,25.7,10.2,8.8,11,0.818,24,0.458,23,0.13,0.33,0.386,2,1.8,7.8,0.4,4.2,0.35,0.15,0.25,3.7,85.5,108.6
229,Frank Jackson,Det,G,22.86,9,6,12.5,20.9,15.4,0,0,9,0.222,13,0.308,0.364,0.364,1.8,0.9,8.2,1.1,27.3,0.11,0,0.44,8.1,81.3,106.8
230,Josh Jackson,Det,G-F,24.09,34,24.7,51.4,26.6,15,123,0.699,234,0.509,148,0.284,0.476,0.516,13.2,4.4,9.9,1.9,13,0.88,0.94,2.26,7.8,95.8,103
231,Justin Jackson,Okc,F,25.97,27,16.4,34.2,19.6,13.6,24,0.792,74,0.527,87,0.299,0.484,0.51,6.5,2.3,7.5,1.5,14,0.41,0.07,1,6.9,97.6,108.9
232,Reggie Jackson,Lac,G,30.91,37,20.5,42.6,18.9,11.4,43,0.767,145,0.49,124,0.411,0.548,0.57,8.9,2.6,7.2,2.9,20.2,0.54,0.08,1,7.9,116,106.8
233,Justin James,Sac,G-F,24.14,15,4.8,10,17.5,6.8,8,0.25,15,0.533,9,0.222,0.458,0.436,1.6,0.6,6.9,0.4,11.1,0.2,0.07,0.13,6.1,96.2,118.9
234,LeBron James,Lal,F,36.2,37,34.6,72,31.7,14.8,219,0.689,456,0.588,244,0.357,0.569,0.595,25.6,7.9,12.8,7.8,39.2,1.14,0.59,3.73,13.5,113.8,102.5
235,DaQuan Jeffries,Sac,G-F,23.54,14,14.5,30.1,13.2,11.1,7,0.857,28,0.5,25,0.32,0.491,0.517,4.1,1.6,6.3,0.3,2.5,0.43,0.29,0.5,3.5,100.2,113.6
236,Ty Jerome,Okc,G-F,23.69,7,26.4,54.9,15.8,9,2,0.5,24,0.542,36,0.333,0.517,0.517,9,4,8,3.4,19.4,0.71,0.14,0.86,7.5,109.7,103.3
237,Isaiah Joe,Phi,G,21.7,21,11.8,24.5,15.6,5.5,5,1,20,0.35,64,0.375,0.512,0.528,4.3,1.1,5.3,0.7,8.1,0.33,0.19,0.24,5.1,111.6,105.5
238,Cameron Johnson,Pho,F,25.03,34,24.2,50.4,17.8,7.9,37,0.865,93,0.559,193,0.378,0.565,0.587,10.4,3.4,7.8,1.4,7.7,0.65,0.29,0.76,6.1,113.2,108
239,James Johnson,Dal,F,34.06,29,17.4,36.2,16.2,14.6,29,0.586,85,0.612,60,0.25,0.514,0.526,5.7,3,9.3,1.7,14.1,0.83,0.79,0.93,7.1,103.3,102.6
240,Keldon Johnson,San,F-G,21.43,32,28.5,59.5,20.6,9.9,105,0.781,252,0.536,92,0.326,0.523,0.566,13.8,6.3,11.6,2,10.4,0.69,0.47,1.34,7.8,111.5,105.4
241,Stanley Johnson,Tor,F-G,24.79,35,14.2,29.6,10.7,19.5,14,0.786,33,0.394,60,0.4,0.527,0.55,3.1,2.2,8.7,1.3,11.8,0.74,0.29,0.69,5.8,106.2,103.8
242,Tyler Johnson,Bro,G,28.85,20,14.1,29.4,13.4,5.7,7,1,22,0.318,57,0.421,0.544,0.567,4.7,1.7,6.6,1,9,0.3,0,0.25,5.7,117.9,112.8
243,Nikola Jokic,Den,C,26.07,38,35.9,74.9,29.3,12.9,193,0.876,569,0.605,141,0.411,0.607,0.648,27.1,11.1,17.5,8.6,40.4,1.58,0.61,3.11,15.3,130.1,104.2
244,Derrick Jones Jr.,Por,F,24.08,34,26.6,55.4,12,9.5,67,0.657,113,0.628,85,0.329,0.571,0.593,7.9,4.6,9.2,0.9,4.5,0.76,1.03,0.71,4.8,122.4,111.5
245,Damian Jones,Pho,C,25.71,14,6.7,13.9,12.8,22.4,11,0.545,15,0.533,1,0,0.5,0.528,1.6,1.3,10.8,0.3,5.4,0.07,0.36,0.43,5.1,100.2,92.4
246,Damian Jones,Lal,C,25.71,4,11.6,24.1,11,8.6,6,0.833,8,0.875,0,0,0.875,0.893,4.8,1.5,7.3,0,0,0,1,0.25,0,164.5,91.8
247,Mason Jones,Hou,G,22.65,24,11.1,23.2,23.3,19.1,47,0.617,41,0.512,57,0.386,0.551,0.577,5.7,2,9.3,1.4,19.9,0.25,0,1.17,9.1,101.7,107.2
248,Tre Jones,San,G,21.18,15,4.3,9,21.5,12.4,5,1,25,0.52,1,1,0.558,0.603,2.3,0.3,3.2,0.4,14.4,0,0,0.27,6.1,114.8,113.1
249,Tyus Jones,Mem,G,24.84,35,21,43.7,17.5,9.8,22,0.864,178,0.517,88,0.295,0.492,0.51,8,2.4,6.1,4.4,28.8,1.2,0.11,0.86,8.4,113.7,112.2
250,DeAndre Jordan,Bro,C,32.65,37,23.1,48.1,12.6,24.2,58,0.5,161,0.77,1,0,0.765,0.739,7.5,7.5,18.3,1.8,10.6,0.32,1.41,1.62,8.1,124.7,104.7
251,Cory Joseph,Sac,G,29.57,38,21.1,43.9,14.5,14.2,39,0.769,133,0.526,85,0.318,0.507,0.534,6.6,2.3,5.9,2.4,14.6,0.79,0.18,1.03,6.3,108,112.1
252,Mfiondu Kabengele,Lac,F-C,23.58,21,4.1,8.5,18.8,16.4,6,0.833,13,0.385,15,0.2,0.339,0.392,1.1,0.6,8.5,0.2,7.5,0.1,0.14,0.29,5,76.9,94.3
253,Frank Kaminsky,Pho,F-C,27.95,29,15.6,32.4,19.4,7.2,31,0.613,105,0.495,63,0.413,0.542,0.553,6.9,3.9,13.9,1.7,15.4,0.31,0.41,0.48,9.2,116.1,102.7
254,Enes Kanter,Por,C,28.82,38,26.4,55.1,17.6,10.7,91,0.758,328,0.591,0,0,0.591,0.621,12,11.8,23.7,1.2,7,0.5,0.71,1.16,8.4,129.7,105.7
255,Luke Kennard,Lac,G,24.72,36,19.9,41.4,15.8,11.3,15,0.867,100,0.49,121,0.455,0.595,0.606,7.7,2.6,7.4,1.8,12.3,0.39,0.17,0.81,6.6,116.5,108.6
256,Maxi Kleber,Dal,F,29.12,25,26.5,55.2,10.4,9.6,25,0.96,32,0.406,98,0.469,0.631,0.667,7.5,5.4,11.1,1.4,7.3,0.48,0.8,0.6,5.8,132,107.3
257,Nathan Knight,Atl,F-C,23.48,12,6.8,14.2,23,16,20,0.9,18,0.444,10,0.4,0.5,0.625,3.8,2.2,17.4,0.3,5.5,0.25,0.42,0.58,8,121.3,103.2
258,Kevin Knox II,Nyk,F,21.59,28,14.3,29.9,15.9,11,14,0.786,48,0.396,75,0.4,0.52,0.538,5,1.8,6.7,0.6,6.1,0.29,0.21,0.57,4.9,103.5,105.6
259,John Konchar,Mem,G,24.98,19,16.2,33.8,11.2,9.8,18,0.889,43,0.488,23,0.304,0.477,0.534,4.2,3.6,12,1.2,9.4,0.95,0.26,0.42,6.5,117.3,103.4
260,Furkan Korkmaz,Phi,G-F,23.64,28,19,39.5,20.4,10.6,38,0.816,84,0.452,128,0.375,0.519,0.549,9,2.4,6.8,1.1,8,0.71,0.14,0.96,6.1,105,106.1
261,Luke Kornet,Chi,F-C,25.67,12,7.6,15.9,13.9,3.4,4,0.5,4,0.75,23,0.261,0.444,0.452,2.2,1.3,9.7,0.3,5.6,0.17,0.58,0.08,5,98.9,115.2
262,Rodions Kurucs,Bro,F,23.1,5,3.2,6.6,8.3,0,0,0,1,0,2,0.5,0.5,0.5,0.6,0.6,10.7,0.4,15.2,0,0,0,6.6,,
263,Rodions Kurucs,Hou,F,23.1,11,6.8,14.2,17.4,29.1,2,0.5,6,0.5,15,0.133,0.286,0.297,1.2,1,7.7,0.4,7.3,0.55,0.36,0.82,4.6,52.8,103.5
264,Kyle Kuzma,Lal,F,25.64,37,26,54.2,20.7,12.2,44,0.659,199,0.513,184,0.37,0.533,0.543,11.8,6.8,14.7,1.1,6.4,0.41,0.62,1.51,6.8,105.1,102.3
265,Anthony Lamb,Hou,F,23.15,3,18.7,39,13.6,11.1,0,0,5,0,11,0.182,0.188,0.188,2,4.3,12.2,0.3,2.3,0,0,0.67,2.9,62.8,105.5
266,Jeremy Lamb,Ind,G-F,28.79,22,22.8,47.5,17.9,7.7,53,0.943,90,0.489,78,0.436,0.565,0.627,10.9,3.6,9,1.5,9.5,0.82,0.5,0.73,6.8,123.7,105.9
267,Zach LaVine,Chi,G-F,26.01,37,35.5,73.9,30.6,15.4,198,0.859,415,0.586,294,0.435,0.614,0.653,28.1,5.2,8.2,5.1,24,1,0.46,3.92,10.2,116.3,108.7
268,Jake Layman,Min,F,27.02,27,16.4,34.2,15.5,12.2,30,0.767,73,0.644,58,0.328,0.576,0.603,6.4,1.7,5.5,0.7,6.6,0.78,0.44,0.74,4.8,110.1,112.1
269,Jalen Lecque,Ind,G,20.75,3,2.9,6.1,26.2,0,3,1,3,0.333,1,0,0.25,0.47,1.7,1.3,25.6,0.7,30.1,0,0,0,16,,
270,Damion Lee,Gol,G-F,28.4,38,19,39.6,12.4,8,31,0.903,42,0.667,139,0.374,0.586,0.617,6.3,3.3,9.2,1.4,10,0.66,0.11,0.45,6.5,120.8,105.7
271,Saben Lee,Det,G,21.73,17,15.2,31.7,17.7,14.3,39,0.667,67,0.507,6,0.667,0.548,0.588,6.2,1.7,6.2,2.4,24.7,0.71,0.29,0.88,7.7,117.2,104.9
272,Alex Len,Tor,C,27.75,7,10.8,22.6,11.7,38.8,6,0.5,4,0.5,6,0.5,0.65,0.633,2.3,1.6,8,0.4,5.2,0.14,0.86,1.14,4.2,76.4,103.3
273,Alex Len,Was,C,27.75,22,14.4,30.1,15.9,14.8,43,0.605,71,0.746,14,0.214,0.676,0.678,6.4,3.5,12.9,1,10.2,0.36,1.27,0.82,7.8,122.7,104.4
274,Kawhi Leonard,Lac,F,29.71,32,34.4,71.6,29.7,8.5,195,0.877,426,0.561,166,0.404,0.573,0.627,26.6,6.3,10.3,4.8,23.3,1.56,0.5,1.97,10.8,125.3,109.2
275,Meyers Leonard,Mia,F-C,29.04,3,9.8,20.4,15.1,20.2,2,0.5,0,0,7,0.429,0.643,0.635,3.3,2.3,13.3,0.7,9.9,0,0,0.67,7.1,100.8,92.4
276,Caris LeVert,Bro,G,26.55,12,27.8,57.9,31.4,10.8,34,0.765,137,0.474,63,0.349,0.49,0.516,18.5,4.3,8.8,6,33.8,1.08,0.5,2.17,11.2,107.9,110.3
277,Caris LeVert,Ind,G,26.55,1,26.9,56,31.8,20.2,4,0.75,10,0.5,4,0,0.357,0.412,13,7,14.6,2,10.9,0,0,4,8.4,76.9,112.4
278,Kira Lewis Jr.,Nor,G,19.94,24,14.4,29.9,20,8,20,0.65,93,0.419,48,0.333,0.447,0.464,5.8,1,4,1.9,18.2,0.75,0.08,0.54,6.2,102.6,109.4
279,Damian Lillard,Por,G,30.67,37,36,75.1,32.8,12.1,277,0.931,356,0.517,415,0.386,0.55,0.619,29.9,4.4,6.5,7.9,37.4,1,0.27,3.32,11.3,124.1,116.9
280,Nassir Little,Por,F-G,21.09,23,13.1,27.3,15.5,10.1,26,0.846,41,0.561,45,0.4,0.581,0.626,5.3,2.5,10.1,0.4,4.2,0.13,0.26,0.48,5.3,123.7,112.8
281,Kevon Looney,Gol,F,25.1,29,14.7,30.5,10.5,17.1,25,0.8,70,0.6,6,0.333,0.592,0.632,3.8,4.2,14.9,1.5,13.7,0.34,0.28,0.62,7.8,132.7,100.4
282,Brook Lopez,Mil,C,32.95,38,27,56.3,15.7,8.6,63,0.81,152,0.605,171,0.345,0.559,0.587,10.8,5,9.7,0.7,3.3,0.53,1.39,0.87,5,115.9,106.8
283,Robin Lopez,Was,C,32.95,37,20.4,42.5,15.4,14.9,84,0.714,188,0.606,14,0.286,0.594,0.628,8.1,4.2,10.9,0.9,6.4,0.3,0.57,1.14,6.1,120,109.9
284,Kevin Love,Cle,F-C,32.52,4,14.5,30.3,20.9,10.7,7,0.714,10,0.3,12,0.333,0.409,0.459,5.8,3.3,12.6,1.3,12.6,0.25,0,0.75,8.1,96.6,111.4
285,Kyle Lowry,Tor,G,34.97,32,34.6,72.2,22.4,16.4,118,0.873,202,0.5,229,0.397,0.551,0.598,18.1,5.5,8.8,7.3,32.1,1.13,0.19,2.97,10.4,116.3,107.2
286,Timothe Luwawu-Cabarrot,Bro,G-F,25.85,34,19.7,41,16.8,9.7,26,0.769,75,0.44,146,0.363,0.509,0.527,7.2,2.4,6.7,1.3,8.4,0.71,0.15,0.74,5.7,105.3,107.7
287,Trey Lyles,San,F,25.36,22,15.7,32.7,12.6,4,21,0.619,49,0.571,38,0.368,0.563,0.577,5,3.8,12.7,0.6,5.1,0.23,0.05,0.18,5.7,117.5,109.7
288,Thon Maker,Cle,F-C,20,8,9.6,19.9,14.6,11.6,11,0.909,16,0.625,2,0,0.556,0.657,3.8,2.3,13.2,0.5,7.8,0.25,0.5,0.38,6.8,131.8,107.9
289,Theo Maledon,Okc,G,19.76,33,26.1,54.4,15.8,20.2,34,0.706,99,0.444,135,0.37,0.509,0.526,7.9,3,6.1,3.5,19,0.94,0.06,1.91,6.7,96.6,104.9
290,Karim Mane,Orl,G,20.83,6,9.3,19.4,10.6,21.8,4,1,7,0,2,0.5,0.167,0.325,1.2,1.7,9.3,0.2,2.3,0,0.17,0.5,3.2,59.1,110.9
291,Nico Mannion,Gol,G,20,9,11.2,23.4,20.4,24.7,8,0.5,15,0.267,18,0.389,0.439,0.452,3.7,1.9,8.8,2.4,29,0.67,0,1.33,9.2,86.2,98.3
292,Terance Mann,Lac,G-F,24.4,37,16,33.4,13.3,12.8,42,0.81,100,0.5,38,0.395,0.525,0.572,4.8,3.3,11.5,1.3,10.6,0.43,0.24,0.62,6.9,118.5,104.4
293,Boban Marjanovic,Dal,C,32.58,19,7.7,16,27.2,8.9,16,0.75,71,0.521,4,0,0.493,0.524,4.5,4,28.4,0.2,3.5,0.05,0.11,0.42,8,111.4,101.1
294,Lauri Markkanen,Chi,F-C,23.81,17,30.5,63.6,22.6,9.8,48,0.854,99,0.626,127,0.417,0.626,0.656,19.1,6,10.9,0.9,4.4,0.59,0.41,1.59,6.2,116.7,108.9
295,Naji Marshall,Nor,F,23.14,5,3.4,7.1,14.7,17,2,0.5,2,0.5,2,0,0.25,0.307,0.6,0.4,6.5,0.4,14.1,0,0.2,0.2,5.4,,
296,Kenyon Martin Jr.,Hou,F,20.19,10,16.1,33.4,20.9,12.7,18,0.667,49,0.49,12,0.333,0.492,0.522,7.2,4.2,13.8,0.8,8,0.7,1,1,7.2,105.9,106.1
297,Caleb Martin,Cha,F,25.46,27,14.9,31,17.3,10.9,26,0.538,77,0.481,58,0.328,0.485,0.495,5.4,2.7,9.8,1.1,10.5,0.78,0.26,0.67,6.8,101.5,107.7
298,Cody Martin,Cha,F,25.46,25,11.7,24.3,13,16.8,10,0.8,46,0.652,24,0.25,0.557,0.578,3.4,2.4,11,1.1,12.7,0.48,0.16,0.6,7.1,114.5,110
299,Kelan Martin,Ind,F,25.61,12,4,8.4,22.4,16.1,2,1,11,0.455,9,0.222,0.4,0.431,1.5,1,14,0,0,0.25,0,0.33,0,73.7,99.9
300,Frank Mason,Orl,G,26.95,4,19.8,41.3,17.4,15.6,7,0.714,19,0.368,5,0.4,0.417,0.462,6.3,3,7.9,3,22,0,0,1.25,7.8,98.5,108.7
301,Garrison Mathews,Was,G,24.39,31,16.9,35.1,13.5,2.3,54,0.926,28,0.5,115,0.4,0.58,0.648,7,1.7,5.4,0.5,3.9,0.68,0.19,0.13,4.3,133,108.7
302,Dakota Mathias,Phi,G,25.68,8,15.4,32.2,17.7,1.9,6,0.333,22,0.5,26,0.308,0.479,0.474,6,0.9,3.1,1.6,14.7,0.13,0.38,0.13,5.3,107.6,110.3
303,Wesley Matthews,Lal,G,34.42,31,20.2,42.2,10,11.1,16,0.813,28,0.429,93,0.333,0.483,0.508,4.2,1.5,4,1.1,6.9,0.48,0.35,0.52,3.8,104.5,104.2
304,Tyrese Maxey,Phi,G,20.36,35,15.4,32,22.7,8,27,0.852,197,0.503,56,0.268,0.48,0.502,7.6,1.7,6.2,1.7,16.9,0.43,0.17,0.66,7.3,104.3,106
305,Skylar Mays,Atl,G,23.52,18,7.6,15.8,19.7,7.9,18,0.889,27,0.407,23,0.348,0.46,0.535,3.4,0.8,5.6,1,19.4,0.33,0,0.28,7.3,119.3,111.6
306,Patrick McCaw,Tor,G,25.39,3,6.5,13.5,0,,0,0,0,0,0,0,,,0,0.3,2.8,1.3,24.9,0,0,0,0,,106.3
307,CJ McCollum,Por,G,29.49,13,33.8,70.5,28.6,4.4,45,0.844,117,0.513,143,0.441,0.594,0.62,26.7,3.9,6.2,5,26.1,1.31,0.31,1,9.5,129.8,114.4
308,T.J. McConnell,Ind,G,28.97,34,25.2,52.6,13.7,23.5,19,0.474,181,0.547,19,0.316,0.54,0.54,6.6,3.7,8.2,6.4,34.3,1.91,0.38,1.88,8.6,112.1,106.4
309,Jalen McDaniels,Cha,F-C,23.12,18,12.1,25.2,18,18.4,19,0.684,44,0.523,23,0.261,0.478,0.511,4.3,2.6,11.4,0.5,5.7,0.11,0.28,0.94,5.9,90.8,101
310,Jaden McDaniels,Min,F,20.46,32,19.4,40.4,13.2,12.3,24,0.5,71,0.479,89,0.371,0.522,0.525,5.6,3.3,9.2,1,7.1,0.38,1.03,0.75,5.5,100.9,105.9
311,Doug McDermott,Ind,F,29.2,36,26.1,54.3,19.8,7.7,59,0.814,209,0.617,161,0.366,0.588,0.61,13.4,4,8.6,1.4,7.8,0.31,0.11,0.92,6.5,117,110.3
312,Sean McDermott,Mem,F,24.36,8,15.7,32.7,9.9,13.5,6,1,8,0.625,15,0.333,0.543,0.605,3.9,1.5,5.2,0.5,3.9,0.13,0.25,0.5,3.6,114.9,113.3
313,JaVale McGee,Cle,C-F,33.15,29,15.1,31.4,24.4,15.4,47,0.617,169,0.521,19,0.263,0.508,0.527,7.6,4.9,18.3,1,10.8,0.48,1.21,1.31,8.8,99.6,95.6
314,Rodney McGruder,Det,G,29.63,14,10.9,22.8,19,10.5,6,0.833,38,0.553,19,0.421,0.579,0.595,5.1,1.4,7.3,1,15.3,0.5,0.07,0.5,7.1,116,110
315,Alfonzo McKinnie,Lal,F,28.49,18,4.6,9.7,18,2.9,8,0.625,18,0.611,12,0.417,0.617,0.626,2.3,1.1,13.4,0.1,1.8,0.11,0,0.06,5.5,128.6,100.6
316,Jordan McLaughlin,Min,G,24.93,24,19.4,40.5,15.4,15.2,10,0.8,95,0.389,46,0.348,0.433,0.447,5.4,2.3,6.4,4.7,33.6,1,0.17,1.08,8,105.2,113.6
317,Ben McLemore,Hou,G,28.09,27,16.1,33.6,20.7,11.8,24,0.708,51,0.431,126,0.31,0.455,0.475,6.6,2.3,7.4,0.9,8.7,0.63,0.07,0.93,5.9,90.8,106.2
318,Nicolo Melli,Nor,F,30.13,20,11,22.9,12.4,10.9,7,0.857,20,0.35,34,0.206,0.324,0.359,2.1,2.6,13.2,1.1,11.5,0.4,0.05,0.35,6.6,92.9,104.8
319,De'Anthony Melton,Mem,G,22.8,23,20.4,42.4,20.1,12.5,22,0.727,97,0.536,89,0.427,0.586,0.598,10.2,3,7.9,3,21.4,1.3,0.65,1.22,8.8,115.7,104
320,Sam Merrill,Mil,G,24.83,14,5.9,12.2,11.7,13.1,2,1,7,0.286,12,0.5,0.579,0.604,1.7,1,8.9,0.8,16.2,0.14,0,0.21,7.5,128.5,107.4
321,Chimezie Metu,Sac,F-C,23.98,11,6.5,13.5,23.7,15,9,0.667,27,0.519,3,0.333,0.517,0.545,3.4,2.1,17.7,0.5,10.2,0.27,0.55,0.55,9.4,108.4,105.8
322,Khris Middleton,Mil,F,29.59,38,33.2,69.2,24.3,13.6,140,0.893,372,0.53,198,0.424,0.567,0.61,20.3,6.1,9.6,5.7,24.4,1.11,0.21,2.61,10.7,119,105.6
323,Darius Miller,Okc,F,30.98,13,10.1,20.9,11.9,14,6,1,4,0.75,24,0.458,0.696,0.734,3.5,1.4,7.2,1.1,15.3,0.46,0.31,0.38,6.9,133.6,106
324,Paul Millsap,Den,F,36.09,28,23.8,49.5,17.1,10.4,63,0.683,119,0.597,86,0.395,0.595,0.617,10.3,5.1,12.3,1.6,9.3,0.86,0.61,0.96,7.4,122.5,106.2
325,Patty Mills,San,G,32.59,35,25.4,53,20.5,9.1,47,0.894,123,0.545,238,0.391,0.572,0.596,13,1.8,3.8,2.5,14.8,0.69,0.03,1.09,6.1,113.7,110.7
326,Shake Milton,Phi,G-F,24.46,31,24.8,51.6,23.9,11.5,98,0.888,236,0.5,104,0.308,0.488,0.547,13.5,2.3,5.1,3.1,18.5,0.65,0.26,1.61,7.4,109.9,104.9
327,Donovan Mitchell,Uta,G,24.52,36,34.1,70.9,32.2,11.8,198,0.823,410,0.449,315,0.381,0.502,0.549,24.8,4.6,7.2,5.4,26.1,0.94,0.31,3.03,10,111.4,106.2
328,Adam Mokoka,Chi,G,22.66,7,6.1,12.6,16.1,12.5,0,0,6,0.667,8,0.125,0.393,0.393,1.6,0.6,5.2,0.6,12.3,0.29,0.14,0.29,5.5,84.8,103.8
329,Malik Monk,Cha,G,23.11,24,22.3,46.5,23.9,11.9,49,0.796,112,0.5,132,0.432,0.58,0.606,13.4,2.8,6.9,1.8,12.5,0.29,0.13,1.5,7.3,110.7,111.4
330,E'Twaun Moore,Pho,G,32.05,24,14.5,30.2,15.9,14.5,10,0.8,73,0.479,29,0.276,0.461,0.479,4.3,1.8,6.8,1.5,13.3,0.58,0.17,0.75,6.2,98.6,104.5
331,Ja Morant,Mem,G,21.6,27,31.1,64.7,28.8,13.6,162,0.79,327,0.511,97,0.247,0.479,0.539,19.8,3.3,5.8,7.8,37.8,1,0.15,2.89,10.3,110.9,111
332,Juwan Morgan,Uta,F,23.91,15,4.7,9.9,11,11,5,0.2,4,0.75,10,0.3,0.536,0.494,1.1,0.9,10.4,0.3,7.3,0.2,0,0.13,5.7,107.4,93.5
333,Marcus Morris Sr.,Lac,F,31.53,30,24.2,50.5,20.1,7.8,44,0.886,140,0.407,146,0.459,0.551,0.58,11.8,3.7,8.5,1,5.7,0.5,0.3,0.87,5.8,112.8,108.6
334,Markieff Morris,Lal,F,31.53,32,17.4,36.3,14.1,10.5,31,0.71,58,0.534,90,0.333,0.514,0.538,5.4,3.9,12.4,1,7.9,0.22,0.28,0.59,6.3,109.2,100
335,Monte Morris,Den,G,25.72,36,27.2,56.7,16,7,63,0.762,192,0.542,114,0.351,0.536,0.563,10.4,2.2,4.5,3.4,16.9,0.72,0.28,0.69,6.3,120.3,114.7
336,Mychal Mulder,Gol,G,26.76,34,10.6,22.1,14.4,6.5,15,0.533,15,0.6,93,0.409,0.611,0.611,4.1,0.9,4.5,0.4,5.7,0.24,0.21,0.24,4.3,111.4,108.9
337,Dejounte Murray,San,G,24.48,35,30.9,64.3,23.7,9.5,75,0.813,392,0.485,109,0.321,0.484,0.511,15.6,6.9,11.7,5.2,26.1,1.57,0.09,1.6,10.7,106.1,104
338,Jamal Murray,Den,G,24.06,36,35.3,73.6,24.9,11.2,124,0.847,352,0.528,236,0.39,0.551,0.586,20.9,4.1,6.6,4.6,19.5,1.17,0.31,2.25,8.3,114.9,111.1
339,Mike Muscala,Okc,F-C,29.71,35,18.4,38.4,20.6,6.9,36,0.917,83,0.614,184,0.37,0.573,0.599,9.7,3.8,10.7,0.8,7,0.23,0.31,0.6,6.7,113.5,105.4
340,Svi Mykhailiuk,Det,G-F,23.76,36,17.6,36.7,18.9,14.2,30,0.8,52,0.519,171,0.333,0.504,0.527,6.9,2.1,6.5,1.6,13.7,0.75,0.17,1.08,6.5,99.6,111.1
341,Abdel Nader,Pho,F,27.47,21,14.9,31.1,18.2,10.9,30,0.833,64,0.547,37,0.405,0.569,0.613,6.7,2.5,9.3,0.8,7.5,0.48,0.33,0.67,6.4,113.2,103.9
342,Larry Nance Jr.,Cle,F-C,28.2,21,32.8,68.4,12.7,15.8,23,0.565,90,0.556,70,0.371,0.556,0.561,9.1,6.5,11.2,3,13.2,1.81,0.52,1.52,6.9,109,108.7
343,Aaron Nesmith,Bos,G-F,21.41,19,15.3,31.8,12.2,13.4,12,0.667,16,0.5,50,0.36,0.53,0.547,4.1,2.3,8.5,0.4,3.6,0.21,0.26,0.58,4.1,105,104.4
344,Raul Neto,Was,G,28.82,32,20.7,43.2,16.2,9.3,34,0.824,136,0.463,84,0.393,0.511,0.538,7.9,2.3,5.8,2.3,15.2,1.13,0.09,0.75,6.7,109.7,110.8
345,Georges Niang,Uta,F,27.74,38,13.3,27.8,17,11.4,5,1,53,0.547,123,0.374,0.557,0.564,5.3,2.2,8.7,0.7,7,0.34,0.11,0.61,6.1,107.4,100.7
346,Zeke Nnaji,Den,F-C,20.18,24,10.5,21.9,12,7.2,7,0.714,25,0.64,36,0.417,0.631,0.64,3.4,1.5,8.1,0.2,2.1,0.13,0.08,0.21,3.8,124.3,111.9
347,Nerlens Noel,Nyk,C-F,26.93,34,22.2,46.3,10,23.3,33,0.667,115,0.609,2,0,0.598,0.616,4.8,6,14.5,0.6,3.7,0.94,2,1.18,4.7,111.3,98
348,Jaylen Nowell,Min,G,21.68,25,17.9,37.3,22.5,7.1,39,0.846,113,0.487,93,0.409,0.544,0.576,10.3,2.2,6.7,1.3,11.4,0.48,0.2,0.68,6.9,113.2,109.4
349,Frank Ntilikina,Nyk,G,22.63,11,13.5,28.2,14.5,10.2,7,0.429,18,0.278,23,0.565,0.598,0.59,4.7,0.9,3.6,0.7,7.8,0.91,0,0.45,4.3,111.3,100
350,Kendrick Nunn,Mia,G,25.61,31,29.4,61.3,21.2,12.3,39,0.923,186,0.543,176,0.352,0.536,0.559,13.7,3.2,6.1,2.7,15,1.16,0.29,1.71,6.7,103.4,106.9
351,Jusuf Nurkic,Por,C,26.56,12,23.4,48.7,21.2,16.7,27,0.556,91,0.516,12,0.25,0.5,0.514,9.8,7.7,17.5,2.8,17.7,0.92,0.92,1.92,10.2,104,103.9
352,David Nwaba,Hou,G-F,28.16,30,22.6,47.1,16.5,6.4,68,0.691,154,0.578,63,0.27,0.528,0.559,9.2,3.9,9.2,1,7.1,1,0.7,0.57,5.8,115,106.4
353,Jordan Nwora,Mil,F,22.51,10,8.2,17.1,26.3,19.5,10,0.9,21,0.429,16,0.5,0.568,0.616,5.1,1.5,9.6,0,0,0.4,0.2,1,0,95.8,100.7
354,Semi Ojeleye,Bos,F,26.28,35,19.1,39.8,11.8,7.6,28,0.714,44,0.5,113,0.389,0.561,0.579,5.6,2.9,8.4,0.8,5.5,0.31,0,0.4,4.9,119,111.6
355,Jahlil Okafor,Det,C-F,25.25,12,10,20.8,17.1,8.5,2,0.5,39,0.641,3,0,0.595,0.595,4.3,2.3,12.5,0.3,4.3,0.17,0.17,0.33,5.7,116.7,108.7
356,Chuma Okeke,Orl,F,22.57,23,22.2,46.3,10.7,12.6,13,0.615,49,0.388,56,0.357,0.467,0.479,4.6,3.5,8.2,2,12.1,0.78,0.39,0.7,5.7,104.5,110.8
357,Josh Okogie,Min,G,22.54,32,19.4,40.4,13,12,59,0.814,85,0.435,58,0.207,0.385,0.468,4.9,2.6,7.1,1.2,8.3,0.81,0.44,0.72,5.1,100.7,108.5
358,Onyeka Okongwu,Atl,F-C,20.26,18,10,20.8,13.1,14.7,15,0.6,39,0.615,1,0,0.6,0.612,3.2,2.6,14,0.3,4.1,0.39,0.56,0.44,5.4,115.2,97
359,Isaac Okoro,Cle,F-G,20.13,33,32.8,68.4,12.4,15.1,53,0.679,142,0.486,99,0.283,0.461,0.488,7.8,2.7,4.6,1.8,7.7,1.09,0.48,1.42,4.1,95.9,109.6
360,KZ Okpala,Mia,F-G,21.88,22,11.7,24.4,11.9,16,6,0.333,24,0.542,31,0.29,0.482,0.477,2.5,1.9,8.9,0.4,4.9,0.27,0.32,0.5,4.2,91.4,99.6
361,Victor Oladipo,Ind,G,28.86,9,33.3,69.3,26.9,9.7,37,0.73,83,0.47,69,0.362,0.503,0.535,20,5.7,9.6,4.2,19.4,1.67,0.22,2,9.4,104.2,105.4
362,Victor Oladipo,Hou,G,28.86,17,32.4,67.5,31,10.2,75,0.76,198,0.439,130,0.3,0.444,0.482,20.5,4.9,8,4.9,26.7,1.29,0.53,2.41,9.7,97.3,108.2
363,Kelly Olynyk,Mia,F-C,29.9,38,27.1,56.4,17.4,12.6,35,0.771,115,0.652,218,0.339,0.559,0.573,10.5,6,12.4,2.2,12.6,0.89,0.61,1.32,7.6,107.5,99.4
364,Royce O'Neale,Uta,F,27.78,38,32.7,68.1,9.7,16.1,30,0.833,63,0.524,159,0.409,0.588,0.608,7.5,6.8,11,2.7,10.6,0.82,0.55,1.18,6.3,121.9,102.4
365,Miye Oni,Uta,G-F,23.61,27,7.7,16,9.8,14.7,6,0.833,5,0.2,33,0.394,0.539,0.566,1.7,1.7,11.7,0.2,3.7,0.11,0.15,0.26,4.3,115,97.9
366,Cedi Osman,Cle,F,25.94,37,25.8,53.7,20.3,8.7,54,0.796,164,0.421,221,0.326,0.46,0.486,10.7,3.6,7.8,2.6,15.3,0.86,0.16,1.05,7.2,102.4,109.5
367,Daniel Oturu,Lac,C,21.48,11,4.9,10.2,17,14.4,2,1,16,0.625,1,0,0.588,0.615,2,1.5,16.6,0.5,13.4,0,0.27,0.27,9.3,122.3,101.9
368,Kelly Oubre Jr.,Gol,F-G,25.26,37,30.4,63.3,21.8,7.9,110,0.727,290,0.517,195,0.313,0.498,0.528,15.2,6,10.3,1.4,6.6,1.08,0.78,1.24,6.6,102.7,106.3
369,Jabari Parker,Sac,F,26,2,12.5,25.9,17,30,0,0,6,0.667,1,0,0.571,0.571,4,3,13.3,0.5,5.5,0,0.5,1.5,5.8,82.5,105.2
370,Eric Paschall,Gol,F,24.36,36,17.4,36.3,23.7,10.8,85,0.718,228,0.535,47,0.298,0.52,0.555,9.6,3.2,9.7,1.3,11.4,0.28,0.17,1.06,7.9,105,105
371,Anzejs Pasecniks,Was,C-F,25.23,1,6.3,13.1,39.5,83.3,0,0,0,0,1,0,0,0,0,1,8.3,1,18.5,0,0,5,0,20.6,90.4
372,Patrick Patterson,Lac,F,32,12,13.3,27.6,15.7,12.4,6,0.667,12,0.667,35,0.343,0.553,0.564,4.7,2,8.4,0.4,4.2,0.42,0.17,0.58,4.7,104.1,105
373,Justin Patton,Hou,C,23.75,9,22.9,47.6,12.9,6.4,4,0.75,29,0.586,28,0.286,0.509,0.519,6.8,4.6,10.5,1,6.4,1.22,1.56,0.44,5.5,108.7,99.6
374,Chris Paul,Pho,G,35.86,36,31.8,66.3,22.3,14.9,94,0.947,304,0.52,141,0.39,0.54,0.586,15.8,4.7,8.3,8.8,39.9,1.25,0.25,2.36,10.9,120.9,104.1
375,Cameron Payne,Pho,G,26.6,26,16.5,34.5,17.8,15.7,16,0.938,77,0.532,61,0.459,0.601,0.624,7,1.9,6.4,3.6,30.1,0.62,0.23,1.04,8.8,121.9,102.6
376,Elfrid Payton,Nyk,G,27.06,34,28.1,58.6,23.2,12.3,76,0.737,343,0.472,64,0.25,0.457,0.486,12.6,3.8,7.3,3.7,20.8,0.68,0.21,1.82,8,101.1,107.3
377,Norvel Pelle,Bro,C,28.11,3,9.3,19.3,15.7,30,0,0,7,0.429,0,0,0.429,0.429,2,2.3,14.2,0,0,0,1,1,0,76,83.6
378,Norvel Pelle,Sac,C,28.11,1,3.8,7.9,30.8,0,4,0.75,1,0,0,0,0,0.543,3,1,14.5,1,29.5,0,0,0,15.2,,
379,Reggie Perry,Bro,F-C,20.98,14,10.5,21.9,19.5,16.7,9,0.667,39,0.487,12,0.167,0.431,0.455,3.6,3.6,19.5,0.9,10.8,0.14,0.36,0.79,8.6,98.4,95.7
380,Theo Pinson,Nyk,G-F,25.36,13,2.2,4.5,14.1,11.1,0,0,1,1,7,0,0.125,0.125,0.2,0.2,3.8,0.1,4.6,0,0,0.08,2.9,,
381,Mason Plumlee,Det,F-C,31.03,36,28,58.3,16.2,20.5,100,0.66,248,0.621,6,0,0.606,0.628,10.4,9.1,18.1,3.9,21.7,0.83,0.83,2.14,10.2,118.9,100.1
382,Jakob Poeltl,San,C,25.41,35,23.9,49.7,12.3,16.8,51,0.353,175,0.6,0,0,0.6,0.577,6.5,7.2,15.8,1.9,10.8,0.6,1.49,1.14,7.5,118.9,103.3
383,Vincent Poirier,Phi,C-F,27.41,9,4,8.3,19.9,17.9,4,0.5,11,0.273,1,0,0.25,0.291,0.9,1.2,16.9,0.2,7.1,0,0.22,0.33,6,77.1,96.6
384,Aleksej Pokusevski,Okc,C,19.22,20,19.7,41.1,17.8,18.1,8,1,52,0.365,76,0.224,0.348,0.369,4.9,4.3,11.3,1.5,10.6,0.45,1.1,1.45,6.4,73.2,107.6
385,Jordan Poole,Gol,G,21.74,18,11.7,24.4,23.6,6.8,26,0.923,38,0.632,60,0.383,0.597,0.644,7.8,1.3,6,1.2,15.7,0.22,0.17,0.44,7.9,122.5,107.3
386,Kevin Porter Jr.,Hou,G-F,20.86,3,32.4,67.4,27.7,15.8,12,0.75,27,0.556,21,0.19,0.438,0.479,17,3.3,5.4,8.3,42.6,1.33,1,3.33,9.6,98.8,106.7
387,Michael Porter Jr.,Den,F,22.71,28,28.6,59.7,19.6,8.3,56,0.75,147,0.605,158,0.43,0.626,0.643,15.1,7.1,14.1,0.8,4.1,0.82,1.04,1.07,6.2,121.5,105.6
388,Otto Porter Jr.,Chi,F,27.78,19,22.3,46.4,20.2,9,36,0.833,86,0.465,80,0.375,0.512,0.55,10.5,6,15,2,12.5,0.58,0.16,0.95,9,112.9,107.7
389,Bobby Portis,Mil,F,26.09,38,21.5,44.8,18.9,8.2,35,0.714,236,0.559,86,0.488,0.606,0.615,10.9,7,17,1.1,6.9,0.84,0.42,0.79,8.1,122.4,101.8
390,Kristaps Porzingis,Dal,F-C,25.62,22,30.2,62.9,27.4,6.3,73,0.836,216,0.56,138,0.37,0.558,0.59,20.7,8.5,15.4,1.3,7.5,0.41,1.55,1.18,8.1,116.2,104.6
391,Dwight Powell,Dal,F-C,29.65,25,15.1,31.4,13.7,14.5,61,0.754,64,0.5,9,0.111,0.459,0.566,4.5,3.5,12.7,0.8,7.1,0.52,0.32,0.68,6.2,116.5,98.4
392,Norman Powell,Tor,G,27.81,37,30,62.5,24,10.8,143,0.881,258,0.539,230,0.435,0.592,0.639,19,3,5.6,1.9,10.4,1.19,0.16,1.81,6.4,116.5,110.2
393,Taurean Prince,Bro,F,26.98,12,18.2,37.8,19.4,11.4,27,0.889,37,0.459,37,0.351,0.493,0.565,8.1,2.8,8.8,0.6,4.2,0.67,0.67,0.92,5.2,105,105.9
394,Taurean Prince,Cle,G,26.98,17,23.6,49.2,17.8,12.1,26,0.808,70,0.329,64,0.406,0.463,0.498,8.5,4.1,9.8,2.5,15.7,0.65,0.65,1.18,7.5,103.3,108.9
395,Payton Pritchard,Bos,G,23.13,32,20.9,43.5,15.5,14.5,18,0.944,89,0.506,110,0.409,0.565,0.585,7.6,2.2,5.9,2.3,15.3,0.56,0.16,1.09,6.5,114.3,108.5
396,Immanuel Quickley,Nyk,G,21.74,35,19.3,40.2,27.9,8.4,113,0.92,171,0.409,171,0.38,0.49,0.56,12.5,2.3,6.4,2.4,20,0.49,0.26,1.03,8.5,115.3,102.9
397,Jahmi'us Ramsey,Sac,G,19.77,5,3.4,7,15.1,16.7,0,0,2,1,3,0.333,0.7,0.7,1.4,0.8,13.1,0.2,8.3,0,0.2,0.2,7.1,,
398,Chasson Randle,Orl,G,28.1,11,21.9,45.7,12,17.8,10,0.7,17,0.588,34,0.324,0.52,0.542,5.5,2.2,5.2,2.9,18.5,0.36,0.09,1.09,6,106.7,107.3
399,Julius Randle,Nyk,F-C,26.29,39,36.5,76.1,27.6,14.3,230,0.8,486,0.504,177,0.412,0.535,0.584,22.9,11,16.1,5.7,26.5,0.79,0.26,3.28,12.4,113.1,100.7
400,Cam Reddish,Atl,F-G,21.54,26,28.9,60.1,19,10.2,82,0.817,137,0.46,126,0.262,0.428,0.488,11.2,4,7.5,1.3,6.8,1.27,0.35,1.31,5.4,99.5,106.4
401,JJ Redick,Nor,G,36.72,31,18.6,38.8,19.1,9.6,47,0.957,74,0.486,140,0.364,0.526,0.575,8.7,1.7,5,1.3,9.3,0.29,0.06,0.81,5.8,113.4,114.1
402,Paul Reed,Phi,F,21.75,6,10.3,21.4,19.3,17.9,0,0,20,0.5,3,0,0.435,0.435,3.3,2,10.7,0.5,6.9,0.17,0.83,0.83,5.8,88.6,107.9
403,Naz Reid,Min,C-F,21.55,37,20.4,42.5,22.4,9.4,83,0.699,231,0.602,98,0.337,0.573,0.595,11.8,4.7,12.3,1.2,10,0.62,1.22,1.03,7.9,113.7,102.1
404,Nick Richards,Cha,C,23.29,9,3.1,6.5,16.5,9.1,9,0.667,6,0.5,0,0,0.5,0.602,1.3,0.8,13.5,0,0,0,0,0.11,0,,
405,Josh Richardson,Dal,G,27.5,28,31.8,66.3,18.6,11.2,70,0.929,155,0.561,147,0.32,0.522,0.571,13.6,3.2,5.5,2.8,12.6,0.93,0.32,1.5,6.2,112.4,109.5
406,Austin Rivers,Nyk,G,28.62,21,21.1,43.9,16.3,13.5,14,0.714,58,0.517,77,0.364,0.533,0.545,7.3,2.2,5.7,2,13.9,0.57,0,1.05,6,105.3,106.5
407,Andre Roberson,Bro,G-F,29.28,5,12.6,26.2,11.7,11.8,2,0.5,6,0.167,8,0.125,0.179,0.202,1.2,3,13.4,0.8,7.3,0.6,0.2,0.4,4.5,79,109.3
408,Glenn Robinson III,Sac,F,27.18,23,16.1,33.5,13.8,9.2,23,0.913,55,0.473,44,0.364,0.505,0.554,5.3,2,6.7,0.9,7,0.17,0.13,0.48,5.3,112.9,118.3
409,Duncan Robinson,Mia,F,26.9,39,33.1,68.9,15.9,10.5,50,0.84,56,0.625,331,0.39,0.59,0.61,12.8,3.9,6.7,1.6,7.5,0.54,0.21,1.23,5.2,108.6,106.1
410,Jerome Robinson,Was,G,24.06,13,17,35.4,16.1,12.9,17,0.882,36,0.361,31,0.29,0.396,0.456,5.2,2.5,7.9,1.4,10.8,0.46,0.15,0.85,6.2,91.3,108.2
411,Mitchell Robinson,Nyk,C-F,22.95,27,28.8,60,11.2,11.1,46,0.478,156,0.66,0,0,0.66,0.647,8.4,8.4,15.6,0.5,2.6,1.19,1.52,0.81,4.6,129.7,100.1
412,Isaiah Roby,Okc,F,23.11,33,21.8,45.4,17.5,18.4,64,0.719,151,0.609,56,0.339,0.582,0.61,8.7,5.4,13,1.8,12.4,0.82,0.61,1.61,8.1,110.5,99.6
413,Rajon Rondo,Atl,G,35.06,23,14.9,31,15.8,26.2,2,0.5,50,0.38,42,0.405,0.484,0.484,3.9,2.1,7.6,3.4,32.4,0.65,0.09,1.43,8.1,98.1,109.7
414,Derrick Rose,Det,G,32.44,15,22.8,47.4,30,12.3,50,0.84,145,0.455,39,0.333,0.465,0.517,14.2,1.9,4.7,4.2,33.1,1.2,0.27,1.93,8.5,104.1,111.6
415,Derrick Rose,Nyk,G,32.44,10,24.6,51.3,24.8,13.7,24,0.875,87,0.425,22,0.455,0.477,0.523,12.5,2.6,5.7,4.9,31.9,1.1,0.6,1.9,8.8,106.6,107.8
416,Terrence Ross,Orl,G-F,30.1,36,29.6,61.7,24.1,10.2,94,0.894,270,0.459,225,0.36,0.496,0.536,16,3.5,6.2,2.3,12.6,1.08,0.47,1.69,6.8,103,109
417,Terry Rozier,Cha,G,27,35,33.1,69,23.4,10.9,97,0.825,254,0.543,273,0.432,0.598,0.623,20.3,3.7,6.1,3.2,15.2,1.43,0.34,2,7.5,116.1,110.5
418,Ricky Rubio,Min,G,30.4,37,25.7,53.6,16.4,20.4,91,0.846,166,0.428,90,0.311,0.441,0.512,8.2,3.2,6.6,6.5,34.6,1.24,0.03,2.05,8.6,108.1,109.5
419,D'Angelo Russell,Min,G,25.06,20,29.2,60.7,29.4,13.2,64,0.75,178,0.449,148,0.399,0.517,0.544,19.3,2.6,4.8,5.1,29,1.1,0.5,2.7,8.7,104.2,113.3
420,Domantas Sabonis,Ind,F-C,24.86,37,36.6,76.3,24.7,16.4,217,0.719,449,0.572,101,0.327,0.557,0.596,20.8,11.2,17.3,6.2,25.9,1.08,0.62,3.43,12.4,114.5,102.7
421,Luka Samanic,San,F,21.18,12,10.2,21.2,18.8,15.2,13,0.538,16,0.563,23,0.348,0.538,0.548,4.1,2.6,13.3,0.3,3.4,0.25,0.25,0.67,5.8,97.3,102.1
422,JaKarr Sampson,Ind,F,27.99,15,6.5,13.5,18.9,14.2,10,0.8,27,0.519,5,0.2,0.484,0.536,2.6,1.9,16.8,0.1,1.4,0.13,0.2,0.4,4.9,101.2,101.8
423,Dario Saric,Pho,F-C,26.93,19,18.8,39.2,25.5,12.3,41,0.902,94,0.574,67,0.388,0.578,0.623,11.7,4.1,12.2,1.3,10.7,0.74,0.16,1.32,8.4,113.8,99.1
424,Tomas Satoransky,Chi,G,29.37,26,20.9,43.5,14.5,22.2,33,0.909,81,0.568,48,0.438,0.601,0.645,7.1,2.6,7,4.5,28.1,0.5,0.23,1.58,8.4,121.8,111.3
425,Dennis Schroder,Lal,G,27.5,34,31.3,65.2,22.4,15,142,0.824,297,0.478,107,0.318,0.478,0.539,14.8,3.5,6.3,4.5,20.7,1,0.26,2.41,7.9,105.8,101.3
426,Mike Scott,Phi,F,32.66,20,17.6,36.7,10.9,12.2,5,0.4,19,0.526,58,0.379,0.558,0.556,4.4,2.7,8.4,0.4,2.9,0.45,0.1,0.55,3.8,101.6,107.1
427,Collin Sexton,Cle,G,22.19,33,36,74.9,28.3,12.1,194,0.804,460,0.507,138,0.384,0.523,0.571,23.7,2.6,4,4.2,20.9,1.18,0.12,2.85,7.1,109.8,111.5
428,Landry Shamet,Bro,G,24.01,35,20.1,41.9,17.2,9.4,41,0.854,60,0.45,174,0.385,0.545,0.575,8.3,1.9,5.2,1.1,7.2,0.43,0.14,0.74,5.2,109.8,112.1
429,Iman Shumpert,Bro,G,30.72,2,5.5,11.5,19.8,20,0,0,1,1,3,0,0.25,0.25,1,0.5,5.1,0,0,0.5,0,0.5,0,56,116.9
430,Pascal Siakam,Tor,F,26.95,30,35.8,74.7,24.8,10.5,149,0.819,368,0.505,122,0.295,0.49,0.542,20.1,7.5,11.5,4.8,21.5,1.17,0.7,2.17,10,111.7,107.2
431,Chris Silva,Mia,F,24.48,9,8.6,17.9,15.4,33.8,15,0.733,10,0.7,1,1,0.773,0.795,3.1,2.8,18.1,0.7,11.3,0.11,0.56,1,8.5,117.7,83.1
432,Ben Simmons,Phi,G-F,24.65,32,33.7,70.1,20.6,20.4,172,0.663,334,0.587,7,0.286,0.584,0.614,16,7.8,12.7,7.7,33.1,1.56,0.69,3.34,11.7,117.4,101.1
433,Anfernee Simons,Por,G,21.77,35,16.7,34.8,20.7,10,28,0.821,73,0.37,168,0.411,0.541,0.561,8.1,2.4,7.6,1.4,12.5,0.23,0.14,0.8,7.2,110.7,110.5
434,Deividas Sirvydis,Det,F-G,20.76,5,1.6,3.3,21.7,0,2,0.5,0,0,3,0,0,0.129,0.2,0.2,7.1,0.2,16.2,0,0,0,5,,
435,Marcus Smart,Bos,G,27.03,19,31,64.6,18.9,12,71,0.761,100,0.48,97,0.33,0.487,0.539,12.9,2.6,4.7,5.7,25.4,1.63,0.53,1.63,7.4,116.1,108.8
436,Dennis Smith Jr.,Nyk,G,23.3,3,9.2,19.2,21.7,7.3,6,0.833,6,0.333,4,0,0.2,0.356,3,0.7,3.9,1,14.6,1,0,0.33,5.6,83.9,93.4
437,Dennis Smith Jr.,Det,G,23.3,13,20.7,43.1,20.3,12.7,8,0.75,60,0.433,46,0.348,0.472,0.484,8.2,3.2,8.5,3.7,28.2,1.15,0.77,1.23,8.9,104.1,106.9
438,Ish Smith,Was,G,32.69,19,20.6,42.9,15,13.4,15,0.4,96,0.406,20,0.25,0.401,0.404,5.2,3.5,8.9,4.7,30.9,0.79,0.21,1,8.6,99,112.5
439,Jalen Smith,Pho,F-C,21,11,5.2,10.9,16.2,4.8,2,0,11,0.455,8,0.25,0.421,0.402,1.5,1,10.7,0.2,4.6,0,0.18,0.09,5.1,94.6,108.8
440,Tony Snell,Atl,G,29.34,26,19,39.6,9.5,11.9,2,1,28,0.321,67,0.552,0.679,0.683,5,2.2,6.4,1.3,9.2,0.12,0.27,0.5,5.1,129.4,110.8
441,Ray Spalding,Hou,F,24.01,2,9.4,19.5,17.9,38.1,2,0,3,0.667,1,0,0.5,0.41,2,2,11.3,0,0,0,1,1.5,0,60.2,101.4
442,Cassius Stanley,Ind,G,21.57,8,2.9,6.1,19,9.8,5,0.8,5,0.2,2,0.5,0.357,0.489,1.1,0.4,7.2,0,0,0,0.25,0.13,0,,
443,Lamar Stevens,Cle,F,23.68,26,13.6,28.4,15.4,11.9,34,0.676,79,0.468,17,0.118,0.417,0.464,4,2.4,10,0.9,9.4,0.42,0.31,0.58,6,96.2,106.2
444,Isaiah Stewart,Det,F-C,19.81,36,18.6,38.6,13.2,15.3,34,0.676,150,0.573,6,0.333,0.571,0.588,5.6,5.9,17.6,0.7,5.9,0.58,1.03,0.86,6.1,116.9,99.8
445,Max Strus,Mia,G-F,24.96,19,14.9,31,17.8,2.7,14,0.714,18,0.889,85,0.365,0.607,0.618,7.1,1.1,4,0.5,5.7,0.16,0,0.16,4.2,117.9,106.9
446,Edmond Sumner,Ind,G,25.2,24,11.6,24.1,18.8,17.4,29,0.759,58,0.586,29,0.345,0.563,0.601,5,1.4,6.7,0.4,5.1,0.58,0.08,0.88,4.9,102,104.1
447,Jae'Sean Tate,Hou,F,25.38,37,27.6,57.4,14.6,12.2,63,0.73,204,0.618,77,0.299,0.571,0.594,9.9,5.3,10.1,1.6,8.7,1.05,0.51,1.16,6.3,115.6,104.1
448,Jayson Tatum,Bos,F-G,23.03,33,35.6,74.1,30.4,10,160,0.863,445,0.481,232,0.375,0.509,0.553,25.1,7,11,4.5,20.8,1.33,0.45,2.52,10.4,111.1,109.3
449,Jeff Teague,Bos,G,32.76,30,17.9,37.2,17.5,15.1,52,0.865,114,0.351,49,0.429,0.439,0.506,6.3,1.7,5.3,2.1,15.5,0.8,0.2,1.1,6.3,103.1,110.2
450,Garrett Temple,Chi,G-F,34.85,35,27.9,58.2,13.6,11.3,38,0.816,125,0.512,134,0.343,0.514,0.539,8.5,3.1,6.2,2,9.2,0.91,0.51,1,5.4,106.9,108.1
451,Tyrell Terry,Dal,G,20.46,11,5.1,10.7,15.2,10.4,3,0.333,9,0.556,7,0,0.313,0.318,1,0.5,5.8,0.5,14.2,0.45,0,0.18,4.9,74.3,110.3
452,Daniel Theis,Bos,F-C,28.94,36,23.9,49.8,14.6,12,62,0.677,154,0.669,76,0.368,0.63,0.645,9.2,4.9,11.6,1.3,7.7,0.64,1.08,0.97,6.5,123.5,103.7
453,Brodric Thomas,Hou,G,24.13,4,6.1,12.6,24.7,28.4,7,0.714,1,1,6,0.167,0.357,0.496,2.5,1,8.7,1,23,0.25,0.25,1,8.9,88.1,93.5
454,Brodric Thomas,Cle,G,24.13,2,5.1,10.5,25.2,0,2,1,4,0.5,1,1,0.7,0.765,4.5,0.5,5.6,0,0,0,0,0,0,152.8,109.7
455,Matt Thomas,Tor,G,26.61,24,7.3,15.2,16,9.2,7,0.857,19,0.368,37,0.378,0.5,0.525,2.6,0.8,6.3,0.4,7.3,0.08,0,0.25,5.2,102.5,115
456,Tristan Thompson,Bos,C-F,30.01,36,22.5,46.9,15.5,11.9,80,0.6,220,0.541,3,0,0.534,0.554,7.9,8.4,20.9,1,6.2,0.36,0.36,0.97,7.2,117.6,105
457,Sindarius Thornwell,Nor,G,26.33,14,5.2,10.9,15,15.5,2,0,12,0.333,9,0.333,0.405,0.388,1.2,0.4,3.8,0.3,6.8,0.36,0.07,0.29,4,76.8,113.8
458,Matisse Thybulle,Phi,G-F,24.03,36,18.4,38.4,9.1,10.6,14,0.571,51,0.588,70,0.314,0.521,0.527,3.7,1.6,4.8,1,6.7,1.58,0.89,0.42,3.9,109.6,99.1
459,Killian Tillie,Mem,F-C,23.03,2,10.5,21.8,10.1,20,0,0,2,0,2,0.5,0.375,0.375,1.5,1,5.2,0,0,0.5,0,0.5,0,71.9,89.8
460,Xavier Tillman,Mem,F,22.17,30,19.8,41.3,14.4,12.8,27,0.741,130,0.577,36,0.278,0.542,0.562,6.7,4.4,12,1.6,10.6,0.87,0.57,0.87,7.3,112.9,100.6
461,Obi Toppin,Nyk,F,23.03,29,12.8,26.6,16.6,12.9,15,0.733,70,0.629,45,0.311,0.565,0.58,4.9,2.6,10.7,0.6,6.6,0.28,0.34,0.62,6.2,107.8,103.2
462,Juan Toscano-Anderson,Gol,F,27.93,25,20.2,42,10.9,20.8,18,0.722,59,0.644,36,0.417,0.637,0.651,5.4,4.2,10.9,2.2,14.7,0.52,0.52,1.08,7.3,116.7,102.5
463,Karl-Anthony Towns,Min,C-F,25.33,19,33,68.8,27.2,15.5,91,0.879,206,0.558,98,0.357,0.551,0.603,21.8,10.5,17,4,20.4,0.84,1.68,3.32,11.8,112.1,104.2
464,Gary Trent Jr.,Por,G-F,22.15,36,31.4,65.3,20.1,4.9,59,0.763,201,0.438,275,0.404,0.535,0.552,15.4,2.2,3.7,1.5,7,0.86,0.14,0.72,4.7,113,118.1
465,P.J. Tucker,Hou,F,35.86,32,30,62.4,7.7,19,23,0.783,45,0.467,86,0.314,0.469,0.5,4.4,4.6,8.1,1.4,6.3,0.88,0.56,1.03,4.1,98.5,106.5
466,Myles Turner,Ind,C-F,24.97,35,31.3,65.3,17,10.7,114,0.789,177,0.644,158,0.316,0.564,0.608,13.4,6.5,11.8,1,4.3,1.03,3.34,1.31,5.7,114.6,102.5
467,Jonas Valanciunas,Mem,C,28.86,30,27.7,57.8,23.5,12.9,104,0.74,328,0.567,30,0.333,0.561,0.593,16,11.7,22.9,1.8,10.1,0.63,0.7,2,10,115.1,99.7
468,Denzel Valentine,Chi,G,27.33,33,19.2,40,19.2,7,6,1,111,0.423,151,0.351,0.483,0.489,7.8,4.1,11.8,1.8,12.6,0.73,0.03,0.61,8,102,107.7
469,Jarred Vanderbilt,Min,F,21.95,37,19,39.6,13.1,18.3,68,0.559,147,0.619,2,0.5,0.621,0.623,6,5.9,16.6,1.5,11.3,1.08,0.76,1.08,7.9,117.5,103.2
470,Fred VanVleet,Tor,G,27.05,34,36.7,76.5,23.9,10,132,0.894,267,0.419,298,0.383,0.501,0.549,20.1,4.4,6.7,6.6,27.9,1.71,0.79,2.03,9.1,114.3,110.2
471,Devin Vassell,San,G-F,20.56,28,17.2,35.8,13.9,7.8,21,0.857,66,0.394,67,0.403,0.5,0.531,5.4,3.1,9.5,1.1,8.4,1.07,0.32,0.43,6.1,109.4,103.7
472,Gabe Vincent,Mia,G,24.75,25,15,31.2,20.6,11.6,21,0.905,54,0.537,89,0.258,0.444,0.48,5.8,1.1,4,1.2,12.7,0.48,0.08,0.8,5.3,92.3,101.2
473,Noah Vonleh,Bro,F,25.56,4,2.7,5.6,20.2,40,0,0,1,0,2,0,0,0,0,0.3,5.2,0.3,10.3,0,0,0.5,0,,
474,Nikola Vucevic,Orl,C,30.39,39,33.9,70.6,29.8,8,99,0.848,545,0.525,255,0.416,0.556,0.577,25,11.6,17.8,3.7,21.8,0.97,0.59,1.87,12.1,114.5,106.6
475,Dean Wade,Cle,F-C,24.31,30,11.7,24.3,12.2,13.2,12,0.667,24,0.458,56,0.393,0.55,0.563,3.2,2,9.8,0.7,8.1,0.2,0.3,0.43,5.6,109.7,111
476,Moritz Wagner,Was,F-C,23.89,24,14.7,30.5,18.8,12.6,48,0.771,78,0.603,40,0.3,0.551,0.6,7,3,10.8,1.2,11.9,0.88,0.33,0.83,8,113.7,98.3
477,Lonnie Walker IV,San,G-F,22.25,33,26.6,55.4,19.4,8.9,43,0.791,181,0.459,158,0.361,0.497,0.518,11.2,2.8,5.5,1.7,9,0.48,0.39,1.06,5.7,99,107.7
478,Kemba Walker,Bos,G,30.85,22,30,62.6,27.4,11.6,75,0.92,165,0.418,175,0.36,0.481,0.531,18,3.7,6.9,4.5,22.5,1.05,0.36,2.23,8.9,108,112.6
479,John Wall,Hou,G,30.52,25,31.7,66.1,31.3,14.2,133,0.744,293,0.468,150,0.34,0.482,0.524,21,3.2,5.4,6,33.8,0.88,0.72,3.32,9.3,101.6,113.8
480,Brad Wanamaker,Gol,G,31.64,37,16.2,33.7,15.7,15.8,55,0.891,106,0.425,56,0.232,0.398,0.478,4.8,1.7,5.4,2.7,21.7,0.7,0.16,0.95,6.9,101.2,106.4
481,T.J. Warren,Ind,F,27.52,4,29.4,61.1,21.9,6.7,10,0.8,44,0.614,7,0,0.529,0.56,15.5,3.5,6.7,1.3,6.7,0.5,0,1,5.6,107,102.7
482,P.J. Washington,Cha,F,22.56,33,29.3,61.1,19.3,16.2,99,0.798,207,0.483,118,0.39,0.52,0.566,12.6,6.4,11.9,2.9,14.1,1.12,1.18,2.15,8.4,107.9,104.8
483,Yuta Watanabe,Tor,G-F,26.42,25,11.9,24.8,11.5,10.1,10,0.9,32,0.25,35,0.371,0.41,0.448,2.6,3.1,14.5,0.5,5.4,0.4,0.52,0.32,5.3,101.5,106.4
484,Tremont Waters,Bos,G,23.18,10,9.8,20.5,20.8,27.4,8,0.875,16,0.25,15,0.4,0.419,0.478,3.3,0.8,4.6,3,40.4,0.6,0,1.3,8.1,99.6,110.4
485,Paul Watson,Tor,G,26.21,19,7.9,16.4,13.2,10.9,2,0.5,10,0.5,30,0.4,0.575,0.575,2.5,1.2,8.1,0.4,6.6,0.16,0.11,0.26,5.4,107.3,104.9
486,Quinndary Weatherspoon,San,G,24.51,6,5.8,12,18.6,47,2,1,6,0.333,1,0,0.286,0.381,1,0.5,4.5,0.7,14.4,0.67,0.17,1.17,4.9,52.3,88.4
487,Russell Westbrook,Was,G,32.34,30,34.4,71.6,31.6,18.1,180,0.572,443,0.474,120,0.308,0.472,0.494,21.1,9.4,14.4,9.8,46.3,1.2,0.3,4.73,14.5,98.9,106.5
488,Coby White,Chi,G,21.07,37,32.9,68.5,22.4,13.2,79,0.886,268,0.474,252,0.353,0.501,0.533,16,4.9,8.3,5,21.6,0.38,0.16,2.27,8.9,105.8,109.1
489,Derrick White,San,G,26.7,11,24.2,50.5,23.1,9.2,27,0.815,57,0.456,60,0.333,0.479,0.52,12.2,1.7,3.7,3.5,20.9,0.91,1.18,1.18,6.9,105.5,105.4
490,Hassan Whiteside,Sac,C,31.75,23,14.6,30.4,23.5,12.9,55,0.545,137,0.584,1,0,0.58,0.586,8.3,5.7,21.7,0.5,5,0.26,1.3,1.04,7.9,109.4,105.6
491,Greg Whittington,Den,F,28.1,3,3.5,7.3,12.5,0,0,0,1,0,2,0,0,0,0,0,0,0,0,0,0,0,0,,
492,Andrew Wiggins,Gol,F,26.06,39,32.3,67.3,22.8,10.8,127,0.685,356,0.531,193,0.358,0.533,0.555,17.2,4.5,7.3,2.2,10.2,0.85,1.03,1.87,6.9,103.3,108.3
493,Robert Williams III,Bos,C-F,23.41,31,16.2,33.8,15.5,16.5,42,0.643,132,0.727,1,0,0.722,0.723,7.1,6,20.9,1.2,10.7,0.9,1.68,0.97,9.2,134,100
494,Grant Williams,Bos,F,22.29,30,18.1,37.6,12.7,16.8,31,0.516,56,0.518,64,0.422,0.579,0.58,5.2,2.9,8.9,0.9,6.4,0.47,0.37,0.9,5.3,108.5,101.6
495,Kenrich Williams,Okc,G-F,26.28,39,19.3,40.2,14,15,33,0.545,136,0.632,54,0.407,0.626,0.626,6.6,3.9,10.7,1.7,13.2,0.74,0.18,0.92,7.3,119.1,103.7
496,Lou Williams,Lac,G,34.38,37,22.2,46.3,26.3,12,106,0.849,283,0.438,101,0.396,0.479,0.532,12.4,2.3,5.7,3.6,24.4,0.89,0.08,1.59,8.4,108.8,111.8
497,Zion Williamson,Nor,F,20.69,37,32.6,67.9,28.6,11.4,298,0.691,572,0.629,19,0.316,0.624,0.654,25.5,7,11.9,3.4,17.4,0.86,0.68,2.51,10.4,125,111.3
498,Patrick Williams,Chi,F,19.55,36,28.3,58.9,15.8,14.1,73,0.781,208,0.505,84,0.393,0.529,0.565,10.2,4.7,9.2,1.3,6.2,0.75,0.72,1.47,5.6,104.9,107.8
499,D.J. Wilson,Mil,F,25.07,12,8.7,18.2,19.2,8.4,2,0.5,15,0.4,28,0.357,0.488,0.49,3.6,2.1,12.5,0.3,3.7,0.08,0.33,0.33,6,96,100.6
500,Dylan Windler,Cle,G-F,24.48,24,18.8,39.1,14.4,15.3,26,0.808,48,0.583,68,0.368,0.565,0.596,6.3,4.1,12.2,1.3,9.7,0.67,0.46,0.96,6.9,111.6,109.2
501,Justise Winslow,Mem,F-G,24.97,9,22.4,46.6,23.3,12.6,12,0.583,71,0.423,21,0.19,0.391,0.406,8.8,5.4,13.2,2.1,13.1,0.56,0.67,1.56,8.3,84.1,101.2
502,Cassius Winston,Was,G,23.04,7,7.2,14.9,10.7,7.8,2,1,3,0.333,8,0.5,0.636,0.673,2.3,0.7,5.2,1,18.4,0,0.14,0.14,6.5,138.5,112.4
503,James Wiseman,Gol,C,19.96,28,20.6,42.8,24.9,12.1,73,0.616,236,0.547,29,0.379,0.549,0.565,12,5.9,15,0.6,4.8,0.32,1.04,1.46,6.8,101.4,96.4
504,Robert Woodard II,Sac,F,21.48,6,2.9,5.9,31.9,7.8,2,0,8,0.625,3,0.333,0.591,0.547,2.2,1.3,25.8,0,0,0,0,0.17,0,,
505,Christian Wood,Hou,F,25.46,17,31.2,65,26.1,9.5,64,0.688,191,0.613,76,0.421,0.618,0.634,22,10.2,17.3,1.3,8,0.94,1.53,1.82,8.5,115.5,106.1
506,Delon Wright,Det,G,28.88,31,29.1,60.6,15.6,11.8,81,0.778,170,0.506,79,0.392,0.532,0.576,10.6,4.5,8.7,4.8,25.2,1.42,0.48,1.23,8.4,122.1,111.2
507,Thaddeus Young,Chi,F,32.73,33,25,52.1,20.2,15.9,49,0.531,285,0.628,22,0.227,0.607,0.607,12.1,6.1,13.5,4.3,26.2,1.3,0.61,1.88,10.9,120.4,103.3
508,Trae Young,Atl,G,22.49,37,34.5,72,32.8,16.5,355,0.873,412,0.466,248,0.379,0.505,0.598,26.4,4.1,6.4,9.2,45.1,0.84,0.24,4.35,11.6,117.7,111.4
509,Cody Zeller,Cha,F-C,28.44,20,23.5,49,17.8,11.2,41,0.78,138,0.572,19,0.158,0.532,0.568,10,7.5,17.3,2.3,14.4,0.65,0.55,1.1,9.5,119.6,102.8
510,Ivica Zubac,Lac,C,23.99,40,19.6,40.8,15.3,14.7,94,0.819,188,0.654,2,0,0.647,0.698,8.1,6.8,19.5,1.1,7.7,0.35,0.8,1,8,135.9,100.5
